City_ID,City,Country,Date,Lat,Lng,Max Temp,Humidity,Cloudiness,Wind Speed
0,Samarai,PG,2020-01-04 17:55:21,-10.62,150.67,76.33,87,82,1.57
1,Chokurdakh,RU,2020-01-04 17:55:21,70.62,147.9,-13.61,95,88,3.47
2,Lixourion,GR,2020-01-04 17:55:22,38.2,20.43,55.4,76,40,5.82
3,Ushuaia,AR,2020-01-04 17:55:22,-54.81,-68.31,57.2,43,40,11.41
4,Sangar,RU,2020-01-04 17:55:22,63.92,127.47,-16.4,95,100,5.3
5,East London,ZA,2020-01-04 17:55:23,-33.02,27.91,78.8,88,40,4.7
6,Sungaipenuh,ID,2020-01-04 17:55:23,-2.08,101.38,62.17,98,100,2.57
7,Busselton,AU,2020-01-04 17:55:23,-33.64,115.35,59.0,37,1,11.74
8,Portland,US,2020-01-04 17:55:23,43.66,-70.25,42.01,86,90,4.7
9,San Quintin,PH,2020-01-04 17:55:24,17.54,120.52,68.41,80,0,5.19
10,Puerto Ayora,EC,2020-01-04 17:55:24,-0.74,-90.35,84.2,62,20,12.75
11,Rikitea,PF,2020-01-04 17:55:24,-23.12,-134.97,77.92,79,86,17.67
12,Punta Arenas,CL,2020-01-04 17:55:24,-53.16,-70.91,57.2,47,75,16.11
13,Beringovskiy,RU,2020-01-04 17:55:25,63.05,179.32,-9.24,75,0,16.98
14,Yulara,AU,2020-01-04 17:55:25,-25.24,130.99,64.4,93,90,9.17
15,New Norfolk,AU,2020-01-04 17:55:25,-42.78,147.06,54.0,50,100,8.05
16,Langsa,ID,2020-01-04 17:55:26,4.47,97.97,73.47,91,43,2.57
17,Kodiak,US,2020-01-04 17:55:26,39.95,-94.76,37.0,59,1,9.17
18,Mataura,NZ,2020-01-04 17:55:26,-46.19,168.86,48.0,94,100,4.0
19,Mehamn,NO,2020-01-04 17:55:27,71.03,27.85,20.19,83,100,30.89
20,Cape Town,ZA,2020-01-04 17:55:27,-33.93,18.42,73.0,60,0,13.87
21,Port Hedland,AU,2020-01-04 17:55:28,-20.31,118.58,86.0,58,90,12.75
22,Bethel,US,2020-01-04 17:55:28,60.79,-161.76,-9.4,75,1,5.82
23,Vaini,IN,2020-01-04 17:55:28,15.34,74.49,60.44,85,0,0.98
24,Sistranda,NO,2020-01-04 17:55:28,63.73,8.83,35.6,74,75,19.46
25,Nhulunbuy,AU,2020-01-04 17:55:29,-12.18,136.78,80.6,74,100,7.74
26,Haifa,IL,2020-01-04 17:55:29,32.82,35.0,53.6,87,40,5.82
27,Avarua,CK,2020-01-04 17:52:05,-21.21,-159.78,77.0,88,37,4.7
28,Butaritari,KI,2020-01-04 17:55:29,3.07,172.79,84.29,78,100,15.19
29,Sosnovo-Ozerskoye,RU,2020-01-04 17:55:30,52.53,111.54,-0.4,89,44,6.31
30,Kayerkan,RU,2020-01-04 17:55:30,69.35,87.76,-4.0,76,96,17.9
31,Ribeira Grande,PT,2020-01-04 17:55:30,38.52,-28.7,64.4,88,20,14.99
32,Albany,US,2020-01-04 17:55:30,42.65,-73.75,43.0,86,90,5.82
33,Champerico,MX,2020-01-04 17:55:31,16.38,-93.6,75.2,57,75,23.04
34,Faanui,PF,2020-01-04 17:55:31,-16.48,-151.75,81.21,79,99,13.91
35,Along,IN,2020-01-04 17:55:31,28.17,94.8,49.68,98,50,3.02
36,Fortuna,US,2020-01-04 17:55:31,40.6,-124.16,48.99,100,90,3.36
37,Fairbanks,US,2020-01-04 17:52:30,64.84,-147.72,-32.8,73,31,3.4
38,Coihaique,CL,2020-01-04 17:55:32,-45.58,-72.07,60.8,38,40,12.75
39,Victoria,BN,2020-01-04 17:55:18,5.28,115.24,82.4,78,75,8.05
40,Iqaluit,CA,2020-01-04 17:55:32,63.75,-68.52,-5.01,76,90,28.86
41,Manaure,CO,2020-01-04 17:55:33,11.78,-72.45,91.4,46,20,16.11
42,Raudeberg,NO,2020-01-04 17:55:33,61.99,5.14,37.99,69,86,3.36
43,Barrow,AR,2020-01-04 17:55:33,-38.31,-60.23,91.04,28,71,8.37
44,Cabo San Lucas,MX,2020-01-04 17:55:33,22.89,-109.91,72.0,42,5,3.36
45,Luderitz,NA,2020-01-04 17:55:34,-26.65,15.16,62.55,87,0,22.97
46,Dakar,SN,2020-01-04 17:54:00,14.69,-17.45,86.0,20,65,10.29
47,Nelson Bay,AU,2020-01-04 17:55:35,-32.72,152.14,73.4,60,90,21.92
48,Zhigansk,RU,2020-01-04 17:55:35,66.77,123.37,-22.29,94,99,12.39
49,Bredasdorp,ZA,2020-01-04 17:55:35,-34.53,20.04,71.6,64,0,13.87
50,Atuona,PF,2020-01-04 17:55:35,-9.8,-139.03,81.03,71,60,10.69
51,Tuktoyaktuk,CA,2020-01-04 17:55:36,69.44,-133.03,-23.8,67,40,11.41
52,Lavrentiya,RU,2020-01-04 17:55:36,65.58,-170.99,-13.31,88,5,10.71
53,Cidreira,BR,2020-01-04 17:55:36,-30.17,-50.22,73.11,80,70,18.48
54,Kodar,IN,2020-01-04 17:55:37,16.98,79.97,73.22,84,13,3.6
55,Urengoy,RU,2020-01-04 17:55:37,65.96,78.37,13.5,93,100,16.91
56,Qaanaaq,GL,2020-01-04 17:55:37,77.48,-69.36,-41.37,71,16,4.97
57,Severo-Kurilsk,RU,2020-01-04 17:55:37,50.68,156.12,14.11,81,75,3.11
58,Jeremie,HT,2020-01-04 17:55:38,18.65,-74.12,81.39,62,9,3.36
59,Airai,TL,2020-01-04 17:55:38,-8.93,125.41,69.49,82,96,5.39
60,Codrington,AU,2020-01-04 17:55:38,-28.95,153.24,73.4,87,0,6.93
61,Bluff,AU,2020-01-04 17:55:39,-23.58,149.07,67.59,85,0,7.58
62,Komsomolets,RU,2020-01-04 17:55:39,52.77,41.29,32.13,84,100,14.56
63,Belmonte,PT,2020-01-04 17:55:39,40.36,-7.35,50.0,80,0,4.16
64,Kavaratti,IN,2020-01-04 17:55:40,10.57,72.64,80.87,72,84,12.08
65,Chunskiy,RU,2020-01-04 17:55:40,56.08,99.63,15.89,92,98,3.69
66,Muisne,EC,2020-01-04 17:55:40,0.61,-80.02,84.2,79,40,11.41
67,Hermanus,ZA,2020-01-04 17:55:41,-34.42,19.24,68.0,83,0,4.0
68,Lipetsk,RU,2020-01-04 17:55:41,52.6,39.59,30.2,92,90,13.42
69,San Cristobal,HN,2020-01-04 17:55:42,14.68,-86.92,79.61,53,100,8.41
70,Hobyo,SO,2020-01-04 17:55:42,5.35,48.53,78.37,78,9,14.52
71,Vardo,US,2020-01-04 17:55:42,39.62,-77.74,59.0,71,20,5.82
72,Cherskiy,RU,2020-01-04 17:55:42,68.75,161.3,-3.12,58,34,6.31
73,Honningsvag,NO,2020-01-04 17:55:43,70.98,25.97,25.43,75,100,34.36
74,Gladstone,AU,2020-01-04 17:55:43,-23.84,151.26,73.4,69,40,5.82
75,Kahului,US,2020-01-04 17:55:07,20.89,-156.47,73.4,78,40,13.87
76,Carnarvon,ZA,2020-01-04 17:55:43,-30.97,22.13,82.31,9,0,17.47
77,Georgetown,GY,2020-01-04 17:55:30,6.8,-58.16,87.8,66,20,11.41
78,Margate,AU,2020-01-04 17:55:44,-43.03,147.26,54.0,50,100,8.05
79,Jamestown,AU,2020-01-04 17:55:44,-33.21,138.6,57.9,40,100,16.44
80,Porgera,PG,2020-01-04 17:55:45,-5.46,143.15,53.64,98,100,1.25
81,Kapaa,US,2020-01-04 17:55:45,22.08,-159.32,73.4,88,90,17.22
82,Tutoia,BR,2020-01-04 17:55:45,-2.76,-42.27,84.2,83,40,10.29
83,Petatlan,MX,2020-01-04 17:55:46,17.52,-101.27,84.2,45,40,6.93
84,Novopskov,UA,2020-01-04 17:55:46,49.54,39.1,36.86,81,100,10.47
85,Hobart,AU,2020-01-04 17:53:04,-42.88,147.33,54.0,50,100,8.05
86,Jiayuguan,CN,2020-01-04 17:55:47,39.77,98.29,22.05,44,100,4.76
87,Cairns,AU,2020-01-04 17:52:32,-16.92,145.77,77.0,88,75,10.29
88,Norman Wells,CA,2020-01-04 17:55:47,65.28,-126.83,-20.2,75,75,5.82
89,Karpathos,GR,2020-01-04 17:55:47,35.51,27.21,57.2,62,20,18.34
90,Chemin Grenier,MU,2020-01-04 17:53:55,-20.49,57.47,79.0,94,75,3.36
91,Zambezi,ZM,2020-01-04 17:55:48,-13.55,23.12,68.43,94,100,4.81
92,Thompson,CA,2020-01-04 17:55:48,55.74,-97.86,-0.4,84,90,4.7
93,Provideniya,RU,2020-01-04 17:55:48,64.42,-173.23,-14.35,77,0,9.04
94,Pochutla,MX,2020-01-04 17:55:49,15.74,-96.47,87.01,35,40,5.82
95,Kuldur,RU,2020-01-04 17:55:49,49.22,131.63,-9.06,93,0,4.36
96,Castro,CL,2020-01-04 17:55:49,-42.48,-73.76,60.8,63,40,4.7
97,Port Alfred,ZA,2020-01-04 17:55:50,-33.59,26.89,73.0,98,93,9.24
98,Bubaque,GW,2020-01-04 17:55:50,11.28,-15.83,78.8,53,1,12.93
99,Kavieng,PG,2020-01-04 17:55:50,-2.57,150.8,84.88,68,46,3.87
100,Yangjiang,CN,2020-01-04 17:55:51,21.85,111.96,60.75,90,95,2.44
101,Le Port,FR,2020-01-04 17:55:51,42.87,1.37,48.0,89,38,3.56
102,Pisco,PE,2020-01-04 17:55:51,-13.71,-76.2,73.99,30,46,8.05
103,Manokwari,ID,2020-01-04 17:55:51,-0.87,134.08,74.1,84,100,2.8
104,Solano,CO,2020-01-04 17:55:52,0.7,-75.25,91.76,40,3,4.92
105,Tamiami,US,2020-01-04 17:53:14,25.76,-80.4,88.0,55,75,14.99
106,Lagoa,PT,2020-01-04 17:55:52,37.14,-8.45,59.0,71,0,4.7
107,Rawson,AR,2020-01-04 17:55:53,-43.3,-65.11,59.13,74,0,12.5
108,Omboue,GA,2020-01-04 17:55:53,-1.57,9.26,77.36,91,71,3.44
109,Satipo,PE,2020-01-04 17:55:54,-11.26,-74.64,70.65,88,99,2.42
110,San Pedro Del Parana,PY,2020-01-04 17:55:54,-26.83,-56.2,87.8,51,40,6.93
111,Khatanga,RU,2020-01-04 17:55:54,71.98,102.47,-17.07,85,27,6.2
112,Saldanha,PT,2020-01-04 17:55:55,41.42,-6.55,41.05,83,0,5.46
113,Tasiilaq,GL,2020-01-04 17:55:55,65.61,-37.64,24.8,92,100,14.99
114,Erdenet,MN,2020-01-04 17:55:55,49.03,104.04,6.26,80,100,4.09
115,Celestun,MX,2020-01-04 17:55:55,20.87,-90.4,74.23,74,49,25.7
116,Hithadhoo,MV,2020-01-04 17:55:56,-0.6,73.08,83.5,70,79,6.35
117,Magadan,RU,2020-01-04 17:55:56,59.56,150.8,19.15,74,99,21.74
118,Luangwa,MZ,2020-01-04 17:55:56,-15.62,30.4,78.46,72,100,3.06
119,Ixtapa,MX,2020-01-04 17:55:56,20.71,-105.21,73.0,56,75,2.24
120,Seymchan,RU,2020-01-04 17:55:56,62.93,152.39,-9.0,98,39,0.98
121,Bilma,NE,2020-01-04 17:55:57,18.69,12.92,52.21,31,0,3.94
122,Ahipara,NZ,2020-01-04 17:55:57,-35.17,173.16,60.01,97,87,16.33
123,Saint-Philippe,CA,2020-01-04 17:55:57,45.36,-73.48,36.0,90,90,11.41
124,Mahebourg,MU,2020-01-04 17:55:57,-20.41,57.7,79.0,94,75,3.36
125,Sao Gabriel Da Cachoeira,BR,2020-01-04 17:55:58,-0.13,-67.09,82.4,83,40,8.05
126,Achinsk,RU,2020-01-04 17:55:58,56.27,90.5,9.79,86,4,10.29
127,Guerrero Negro,MX,2020-01-04 17:55:58,27.97,-114.04,66.56,33,5,2.3
128,Bintulu,MY,2020-01-04 17:55:58,3.17,113.03,77.0,94,75,2.24
129,Salalah,OM,2020-01-04 17:55:59,17.01,54.1,77.0,73,20,6.24
130,Chumikan,RU,2020-01-04 17:55:59,54.72,135.31,-3.24,66,0,11.86
131,Dandong,CN,2020-01-04 17:55:59,40.12,124.37,22.37,75,0,6.24
132,Ponta Delgada,PT,2020-01-04 17:55:59,37.73,-25.67,64.4,82,20,13.87
133,Makakilo City,US,2020-01-04 17:56:00,21.35,-158.09,75.0,88,75,20.8
134,Kapit,MY,2020-01-04 17:56:00,2.02,112.94,71.8,98,100,0.83
135,Katobu,ID,2020-01-04 17:56:00,-4.94,122.53,76.1,94,97,3.71
136,Hamilton,CA,2020-01-04 17:56:01,43.26,-79.87,37.99,80,90,10.29
137,Mezen,RU,2020-01-04 17:56:01,65.85,44.24,27.07,94,100,18.81
138,Ancud,CL,2020-01-04 17:56:01,-41.87,-73.83,60.8,63,40,4.7
139,Olinda,AU,2020-01-04 17:56:02,-37.84,145.39,60.01,54,90,13.87
140,San Vicente,EC,2020-01-04 17:56:02,-0.59,-80.41,82.4,69,20,9.17
141,Tucuman,PE,2020-01-04 17:56:02,-17.17,-70.89,63.93,72,94,10.2
142,San Carlos De Bariloche,AR,2020-01-04 17:54:35,-41.13,-71.31,79.0,17,45,18.34
143,Saskylakh,RU,2020-01-04 17:56:03,71.97,114.09,-22.07,96,87,6.49
144,Najran,SA,2020-01-04 17:56:03,17.54,44.22,78.8,22,75,4.7
145,Torbay,CA,2020-01-04 17:56:04,47.66,-52.73,35.01,98,90,12.75
146,Dikson,RU,2020-01-04 17:56:04,73.51,80.55,-3.87,85,55,21.7
147,Mersing,MY,2020-01-04 17:56:04,2.43,103.84,80.42,81,73,20.0
148,Adiake,CI,2020-01-04 17:56:04,5.29,-3.3,86.0,45,6,6.93
149,Acajutla,SV,2020-01-04 17:56:05,13.59,-89.83,80.6,65,0,7.49
150,Newport,GB,2020-01-04 17:56:05,51.59,-3.0,46.99,93,90,9.17
151,Muravlenko,RU,2020-01-04 17:56:06,63.79,74.5,18.03,92,100,19.8
152,Wajima,JP,2020-01-04 17:56:06,37.4,136.9,40.51,69,88,22.06
153,Igarka,RU,2020-01-04 17:56:06,67.47,86.57,6.06,94,100,14.16
154,Atkinson,US,2020-01-04 17:56:07,41.42,-90.02,32.0,92,90,14.99
155,Velyka Oleksandrivka,UA,2020-01-04 17:56:07,47.32,33.3,34.0,76,66,7.85
156,Shelton,US,2020-01-04 17:52:25,41.32,-73.09,50.0,100,90,4.7
157,Lazurne,UA,2020-01-04 17:56:08,46.77,34.99,38.08,85,67,6.6
158,Podor,MR,2020-01-04 17:56:08,16.65,-14.96,82.4,14,63,6.93
159,Bambous Virieux,MU,2020-01-04 17:56:08,-20.34,57.76,79.0,94,75,3.36
160,Amnat Charoen,TH,2020-01-04 17:56:08,15.86,104.63,73.0,69,1,11.7
161,Dingzhou,CN,2020-01-04 17:56:09,38.51,115.0,23.0,79,100,4.47
162,Lugo,ES,2020-01-04 17:56:09,43.01,-7.56,50.0,100,0,1.99
163,Charagua,BO,2020-01-04 17:56:09,-19.79,-63.2,86.0,45,40,7.52
164,Grindavik,IS,2020-01-04 17:56:09,63.84,-22.43,39.2,86,75,26.4
165,Saint George,GR,2020-01-04 17:56:10,39.45,22.34,45.0,80,49,4.7
166,Nouna,BF,2020-01-04 17:56:10,12.73,-3.87,74.73,10,15,7.07
167,Qasigiannguit,GL,2020-01-04 17:56:10,68.82,-51.19,15.8,72,75,13.87
168,Atar,MR,2020-01-04 17:56:11,20.52,-13.05,68.99,14,33,13.98
169,Sorata,BO,2020-01-04 17:56:11,-15.77,-68.65,38.97,95,100,3.2
170,Pevek,RU,2020-01-04 17:56:11,69.7,170.27,-5.21,65,0,4.5
171,Warmbad,DE,2020-01-04 17:56:12,50.67,13.08,39.99,93,100,21.92
172,Belyy Yar,RU,2020-01-04 17:56:12,53.6,91.39,14.0,72,100,2.24
173,Hovd,NO,2020-01-04 17:56:12,63.83,10.7,39.0,86,75,25.28
174,Vestmanna,FO,2020-01-04 17:56:12,62.16,-7.17,39.2,93,100,21.92
175,Tiksi,RU,2020-01-04 17:56:13,71.64,128.87,-16.69,84,80,7.99
176,Belaya Gora,RU,2020-01-04 17:56:13,68.54,146.19,-19.55,98,95,0.63
177,Katangli,RU,2020-01-04 17:56:13,51.71,143.23,4.84,88,100,10.56
178,Esperance,AU,2020-01-04 17:56:14,-33.86,121.89,55.4,71,0,8.05
179,Kijang,KR,2020-01-04 17:55:12,35.24,129.21,32.0,58,0,4.7
180,Dawson Creek,CA,2020-01-04 17:56:14,55.76,-120.23,30.2,63,1,18.34
181,Villeta,PY,2020-01-04 17:56:14,-25.51,-57.57,87.8,62,75,9.17
182,Port Elizabeth,US,2020-01-04 17:56:15,39.31,-74.98,59.0,93,90,11.41
183,Odesskoye,RU,2020-01-04 17:56:15,54.21,72.97,24.39,80,100,14.03
184,Jimo,CN,2020-01-04 17:56:15,36.39,120.46,39.0,80,67,6.29
185,Kurilsk,RU,2020-01-04 17:56:15,45.23,147.88,17.04,75,93,10.8
186,Kennett,US,2020-01-04 17:56:16,36.24,-90.06,43.0,60,90,16.11
187,Muyezerskiy,RU,2020-01-04 17:56:16,63.93,31.65,25.95,95,100,7.36
188,Peniche,PT,2020-01-04 17:56:16,39.36,-9.38,57.2,66,0,8.05
189,Inuvik,CA,2020-01-04 17:56:16,68.36,-133.71,-20.2,67,40,7.43
190,Swan Hill,AU,2020-01-04 17:56:17,-35.34,143.56,61.0,56,83,5.99
191,Naze,NG,2020-01-04 17:56:17,5.43,7.07,86.0,40,55,5.82
192,Agadir,MA,2020-01-04 17:56:17,30.42,-9.58,62.6,51,0,9.17
193,Port-Gentil,GA,2020-01-04 17:56:18,-0.72,8.78,86.0,79,75,11.41
194,Mae Sai,MM,2020-01-04 17:56:18,20.44,99.89,66.2,100,20,3.36
195,Marrakesh,MA,2020-01-04 17:56:18,31.63,-7.99,62.6,55,0,4.7
196,Sorland,NO,2020-01-04 17:56:18,67.67,12.69,33.78,61,98,26.91
197,Port Lincoln,AU,2020-01-04 17:56:19,-34.72,135.86,57.76,75,100,17.98
198,Balsas,BR,2020-01-04 17:56:19,-7.53,-46.04,73.74,93,100,2.48
199,Yellowknife,CA,2020-01-04 17:56:19,62.45,-114.38,3.2,84,90,12.75
200,Svetlaya,RU,2020-01-04 17:56:19,46.54,138.33,11.59,57,1,12.91
201,Mundo Nuevo,CL,2020-01-04 17:56:20,-32.72,-71.41,66.2,77,75,12.75
202,Natal,BR,2020-01-04 17:56:20,-5.81,-35.21,87.8,62,40,13.87
203,Aklavik,CA,2020-01-04 17:56:20,68.22,-135.01,-20.2,67,40,13.67
204,Pangody,RU,2020-01-04 17:56:20,65.85,74.49,16.57,93,100,15.23
205,Huarmey,PE,2020-01-04 17:56:21,-10.07,-78.15,82.98,48,22,12.17
206,Borogontsy,RU,2020-01-04 17:56:21,62.67,131.17,-20.07,96,98,5.26
207,Bhag,PK,2020-01-04 17:56:21,29.04,67.82,62.19,33,18,4.74
208,San Patricio,PY,2020-01-04 17:56:22,-26.98,-56.83,93.65,31,37,3.6
209,Puerto Leguizamo,CO,2020-01-04 17:56:22,-0.19,-74.78,91.83,40,27,4.81
210,West Bay,CA,2020-01-04 17:56:22,49.34,-123.21,45.0,80,75,8.05
211,Sao Filipe,CV,2020-01-04 17:56:22,14.9,-24.5,71.8,71,0,12.24
212,Lebu,ET,2020-01-04 17:56:23,8.96,38.73,57.79,68,53,4.94
213,Vaitape,PF,2020-01-04 17:56:23,-16.52,-151.75,81.21,79,99,13.91
214,Casablanca,MA,2020-01-04 17:56:23,33.6,-7.62,66.2,71,1,9.17
215,Sitka,US,2020-01-04 17:56:23,37.17,-99.65,45.0,56,0,8.99
216,Nikolskoye,RU,2020-01-04 17:56:24,59.7,30.79,34.0,86,75,8.95
217,Gwembe,ZM,2020-01-04 17:56:24,-16.5,27.61,68.25,92,95,2.75
218,Umm Lajj,SA,2020-01-04 17:56:24,25.02,37.27,54.88,59,12,8.59
219,Chase,US,2020-01-04 17:52:49,38.35,-98.35,44.01,38,1,12.75
220,Sacramento,US,2020-01-04 17:54:20,38.58,-121.49,59.0,87,1,8.05
221,Sao Joao Da Barra,BR,2020-01-04 17:56:25,-21.64,-41.05,84.2,78,75,11.41
222,Prince Rupert,CA,2020-01-04 17:56:25,54.32,-130.32,35.6,93,75,8.05
223,Garachine,PA,2020-01-04 17:56:25,8.06,-78.36,81.43,75,12,9.17
224,Nanortalik,GL,2020-01-04 17:56:26,60.14,-45.24,30.04,87,100,19.84
225,Komsomolskiy,RU,2020-01-04 17:56:26,67.55,63.78,30.97,90,100,15.14
226,Dingli,IN,2020-01-04 17:56:26,28.39,75.51,58.05,43,56,5.37
227,Igunga,TZ,2020-01-04 17:56:26,-4.28,33.88,72.39,71,100,2.26
228,Alofi,NU,2020-01-04 17:55:47,-19.06,-169.92,73.4,94,0,5.82
229,Kimbe,PG,2020-01-04 17:56:27,-5.56,150.15,75.83,90,88,2.53
230,Chicama,PE,2020-01-04 17:56:27,-7.84,-79.15,73.4,78,40,10.29
231,Clyde River,CA,2020-01-04 17:56:27,70.47,-68.59,-25.6,74,75,12.75
232,Hokitika,NZ,2020-01-04 17:56:28,-42.72,170.96,56.55,71,98,11.36
233,Cockburn Town,TC,2020-01-04 17:56:28,21.46,-71.14,77.9,81,29,16.08
234,Pimentel,BR,2020-01-04 17:56:28,-3.7,-45.5,75.49,96,100,3.18
235,Karasburg,NA,2020-01-04 17:56:28,-28.01,18.75,86.45,19,52,21.97
236,Bilibino,RU,2020-01-04 17:56:29,68.06,166.44,-4.49,46,0,1.74
237,Razdolinsk,RU,2020-01-04 17:56:29,58.42,94.62,12.72,94,100,9.01
238,Matucana,PE,2020-01-04 17:56:29,-11.84,-76.39,57.11,88,86,8.39
239,Mikuni,JP,2020-01-04 17:56:29,36.22,136.15,41.0,60,75,17.22
240,Kaeo,NZ,2020-01-04 17:56:30,-35.1,173.78,60.01,97,54,12.01
241,Puerto Madero,AR,2020-01-04 17:56:30,-34.61,-58.36,90.0,57,0,5.82
242,Keti Bandar,PK,2020-01-04 17:56:30,24.14,67.45,68.2,80,0,5.82
243,Tamiahua,MX,2020-01-04 17:56:31,21.28,-97.45,67.5,58,0,17.54
244,Kidal,ML,2020-01-04 17:56:31,18.44,1.41,61.29,21,1,10.16
245,Egvekinot,RU,2020-01-04 17:56:31,66.32,-179.17,-11.97,58,0,10.22
246,Araguari,BR,2020-01-04 17:53:51,-18.65,-48.19,71.6,83,75,16.11
247,Upernavik,GL,2020-01-04 17:56:32,72.79,-56.15,-34.67,99,79,15.46
248,Itarema,BR,2020-01-04 17:56:32,-2.92,-39.92,88.59,55,49,12.82
249,Saint-Augustin,CA,2020-01-04 17:52:43,45.63,-73.98,34.0,93,90,11.41
250,Broome,GB,2020-01-04 17:56:33,52.47,1.45,46.0,87,40,9.17
251,Kyshtovka,RU,2020-01-04 17:56:33,56.56,76.62,22.28,93,100,15.35
252,Canico,PT,2020-01-04 17:56:33,32.63,-16.85,66.2,63,40,11.41
253,Arraial Do Cabo,BR,2020-01-04 17:56:33,-22.97,-42.02,80.6,78,75,11.41
254,Salvacion,PH,2020-01-04 17:56:34,14.63,120.99,77.0,83,75,9.17
255,Luebo,CD,2020-01-04 17:56:34,-5.35,21.42,71.73,95,99,3.18
256,Oksfjord,NO,2020-01-04 17:56:34,70.24,22.35,25.0,62,93,35.57
257,Yumen,CN,2020-01-04 17:56:35,40.29,97.04,17.29,60,100,0.94
258,Tonota,BW,2020-01-04 17:56:35,-21.44,27.46,93.2,18,20,8.05
259,Vila Velha,BR,2020-01-04 17:56:35,-3.71,-38.6,86.0,62,40,12.75
260,Ust-Ilimsk,RU,2020-01-04 17:56:35,57.96,102.73,12.87,95,66,6.35
261,Pervomayskoye,RU,2020-01-04 17:56:36,57.07,86.23,16.32,89,77,16.04
262,Muroto,JP,2020-01-04 17:56:36,33.37,134.14,37.63,78,12,4.7
263,Henties Bay,NA,2020-01-04 17:56:36,-22.12,14.28,63.0,88,0,1.99
264,Vestmannaeyjar,IS,2020-01-04 17:56:36,63.44,-20.27,44.6,87,75,28.86
265,Petropavlovsk-Kamchatskiy,RU,2020-01-04 17:56:37,53.05,158.65,28.4,68,75,15.66
266,Iquitos,PE,2020-01-04 17:56:37,-3.75,-73.25,42.8,100,75,6.93
267,Beloha,MG,2020-01-04 17:56:37,-25.17,45.06,75.15,80,6,16.8
268,Chapais,CA,2020-01-04 17:56:37,49.78,-74.86,10.4,78,90,4.7
269,Klaksvik,FO,2020-01-04 17:56:38,62.23,-6.59,39.2,93,100,21.92
270,Bonthe,SL,2020-01-04 17:56:38,7.53,-12.5,82.0,44,0,9.64
271,Nanchong,CN,2020-01-04 17:56:38,30.8,106.08,50.16,70,100,4.9
272,Iskateley,RU,2020-01-04 17:56:38,67.68,53.15,25.68,87,67,31.85
273,Oistins,BB,2020-01-04 17:56:39,13.07,-59.53,86.0,62,20,16.11
274,Maple Creek,CA,2020-01-04 17:56:39,49.91,-109.46,42.4,48,100,22.73
275,Mabaruma,GY,2020-01-04 17:56:39,8.2,-59.78,87.66,40,31,5.26
276,Constitucion,MX,2020-01-04 17:56:39,23.99,-104.67,48.99,48,5,0.72
277,Vao,EE,2020-01-04 17:56:40,59.1,26.19,32.31,78,55,10.96
278,Ambon,FR,2020-01-04 17:56:40,47.55,-2.56,46.4,81,90,2.24
279,Kytmanovo,RU,2020-01-04 17:56:40,53.46,85.45,16.74,94,100,5.99
280,Narsaq,GL,2020-01-04 17:56:41,60.91,-46.05,28.4,86,75,1.54
281,Meulaboh,ID,2020-01-04 17:56:41,4.14,96.13,82.35,74,0,5.82
282,Dubuque,US,2020-01-04 17:56:41,42.5,-90.66,30.0,86,90,10.29
283,Los Llanos De Aridane,ES,2020-01-04 17:56:41,28.66,-17.92,66.2,68,75,10.29
284,Phan Thiet,VN,2020-01-04 17:56:42,10.93,108.1,67.86,81,100,2.28
285,Puerto Baquerizo Moreno,EC,2020-01-04 17:56:42,-0.9,-89.6,82.4,69,40,16.11
286,Agapovka,RU,2020-01-04 17:56:42,53.3,59.13,23.0,85,40,17.9
287,Imbituba,BR,2020-01-04 17:56:43,-28.24,-48.67,78.8,78,75,14.99
288,Pilar,AR,2020-01-04 17:56:43,-34.46,-58.91,90.0,42,20,11.41
289,Kasamwa,TZ,2020-01-04 17:56:43,-2.84,32.42,68.22,73,100,3.09
290,Elk Point,CA,2020-01-04 17:56:43,53.9,-110.9,19.4,85,90,13.56
291,Muros,ES,2020-01-04 17:56:44,42.77,-9.06,53.01,93,0,2.24
292,Miyako,JP,2020-01-04 17:56:44,33.63,130.94,44.01,70,75,1.12
293,Tuatapere,NZ,2020-01-04 17:56:44,-46.13,167.69,48.0,94,100,4.0
294,Bitlis,TR,2020-01-04 17:56:44,38.4,42.11,19.26,84,31,2.3
295,Nacozari,MX,2020-01-04 17:56:45,25.34,-108.26,72.0,68,0,3.0
296,Cabedelo,BR,2020-01-04 17:56:45,-6.97,-34.84,87.8,55,20,10.29
297,Barra,GM,2020-01-04 17:56:46,13.49,-16.54,87.8,27,69,5.82
298,Geraldton,CA,2020-01-04 17:56:46,49.72,-86.95,15.8,85,90,5.82
299,Santiago,PH,2020-01-04 17:52:02,16.69,121.54,66.38,97,87,0.94
300,Ponta Do Sol,BR,2020-01-04 17:56:47,-20.63,-46.0,78.62,77,66,3.27
301,Vila Franca Do Campo,PT,2020-01-04 17:56:47,37.72,-25.43,64.4,82,20,13.87
302,Mar Del Plata,AR,2020-01-04 17:56:47,-46.43,-67.52,65.12,35,68,18.48
303,Alice Springs,AU,2020-01-04 17:54:19,-23.7,133.88,68.0,77,40,6.93
304,Mazara Del Vallo,IT,2020-01-04 17:56:48,37.65,12.59,60.01,82,40,11.41
305,Paita,PE,2020-01-04 17:56:48,-5.09,-81.11,62.6,100,100,13.87
306,Sur,OM,2020-01-04 17:56:48,22.57,59.53,70.88,68,0,12.57
307,Dunkwa,GH,2020-01-04 17:56:49,5.97,-1.78,83.39,28,13,0.36
308,Arlit,NE,2020-01-04 17:56:49,18.74,7.39,63.73,19,0,13.91
309,Puerto Del Rosario,ES,2020-01-04 17:56:49,28.5,-13.86,66.2,68,20,10.29
310,Fare,PF,2020-01-04 17:56:50,-16.7,-151.02,81.45,77,100,12.82
311,Bathsheba,BB,2020-01-04 17:56:50,13.22,-59.52,86.0,62,20,16.11
312,Sambava,MG,2020-01-04 17:56:50,-14.27,50.17,74.23,99,100,0.54
313,Uray,RU,2020-01-04 17:56:50,60.13,64.8,26.74,89,70,10.56
314,Chuy,UY,2020-01-04 17:56:51,-33.69,-53.46,77.81,56,10,10.13
315,Guacui,BR,2020-01-04 17:56:51,-20.78,-41.68,77.58,90,93,3.31
316,Puerto Madryn,AR,2020-01-04 17:56:51,-42.77,-65.04,72.84,31,1,14.45
317,Maldonado,UY,2020-01-04 17:56:51,-34.91,-54.96,82.4,58,75,11.41
318,Herat,AF,2020-01-04 17:56:52,34.35,62.22,44.6,87,90,4.52
319,Mackay,CA,2020-01-04 17:56:52,53.65,-115.58,28.4,92,75,8.05
320,Broken Hill,AU,2020-01-04 17:56:52,-31.97,141.45,71.6,30,73,25.28
321,Quelimane,MZ,2020-01-04 17:56:52,-17.88,36.89,81.46,81,99,7.72
322,Nanning,CN,2020-01-04 17:56:53,22.83,108.3,68.0,77,84,5.08
323,Santa Maria,BR,2020-01-04 17:56:53,-16.02,-48.01,72.0,88,75,17.22
324,Novaya Igirma,RU,2020-01-04 17:56:53,57.14,103.93,14.7,95,89,5.77
325,Nakamura,JP,2020-01-04 17:56:54,35.17,136.87,46.4,70,20,29.97
326,Kruisfontein,ZA,2020-01-04 17:56:54,-34.0,24.73,72.79,87,55,7.27
327,Arman,RU,2020-01-04 17:56:54,59.7,150.17,22.03,72,100,23.2
328,Ostrovnoy,RU,2020-01-04 17:56:55,68.05,39.51,27.18,82,100,29.04
329,Kazachinskoye,RU,2020-01-04 17:56:55,57.69,93.28,9.77,89,65,7.07
330,Northam,AU,2020-01-04 17:56:55,-31.65,116.67,59.0,62,0,5.82
331,Hasaki,JP,2020-01-04 17:56:55,35.73,140.83,35.6,93,75,5.82
332,Soure,PT,2020-01-04 17:56:56,40.06,-8.63,55.4,66,0,8.05
333,Concarneau,FR,2020-01-04 17:56:56,47.88,-3.92,48.2,75,90,3.36
334,Townsville,AU,2020-01-04 17:56:57,-19.26,146.82,78.8,74,75,8.05
335,Nichlaul,IN,2020-01-04 17:56:57,27.32,83.73,54.12,88,13,0.74
336,Polson,US,2020-01-04 17:56:57,47.69,-114.16,42.01,90,75,16.11
337,Gizo,IL,2020-01-04 17:56:57,31.8,34.94,53.6,87,75,13.87
338,Kloulklubed,PW,2020-01-04 17:56:58,7.04,134.26,78.8,78,75,6.93
339,Borger,NL,2020-01-04 17:56:58,52.92,6.79,42.01,93,75,5.82
340,Bara,NG,2020-01-04 17:56:58,10.41,10.6,71.38,24,13,7.94
341,Karratha,AU,2020-01-04 17:56:58,-20.74,116.85,84.43,69,87,2.53
342,Teya,MX,2020-01-04 17:56:59,21.05,-89.07,77.0,69,90,17.22
343,Murdochville,CA,2020-01-04 17:56:59,48.96,-65.49,28.94,80,26,1.28
344,Haines Junction,CA,2020-01-04 17:56:59,60.75,-137.51,-11.42,97,98,3.04
345,Northport,US,2020-01-04 17:57:00,33.23,-87.58,55.99,54,1,10.29
346,Sveti Nikole,MK,2020-01-04 17:57:00,41.86,21.94,46.4,39,40,16.11
347,Belle Fourche,US,2020-01-04 17:56:59,44.67,-103.85,57.0,30,1,25.28
348,Cayenne,GF,2020-01-04 17:57:00,4.94,-52.33,84.2,70,75,12.75
349,Coquimbo,CL,2020-01-04 17:57:01,-29.95,-71.34,66.2,72,20,11.41
350,Hualmay,PE,2020-01-04 17:57:01,-11.1,-77.61,77.99,59,86,10.25
351,Goedereede,NL,2020-01-04 17:55:25,51.82,3.98,46.99,93,90,9.17
352,Cary,US,2020-01-04 17:57:01,35.79,-78.78,62.6,93,90,9.17
353,Ust-Kuyga,RU,2020-01-04 17:57:02,70.0,135.55,-25.91,100,19,5.64
354,Jawhar,IN,2020-01-04 17:57:02,19.91,73.23,63.43,64,0,4.47
355,Ondjiva,AO,2020-01-04 17:57:02,-17.07,15.73,75.43,71,93,0.85
356,Ilulissat,GL,2020-01-04 17:57:03,69.22,-51.1,15.8,72,75,13.87
357,Salta,AR,2020-01-04 17:57:03,-24.79,-65.41,86.0,42,40,5.82
358,Souillac,FR,2020-01-04 17:57:03,45.6,-0.6,46.0,75,21,5.82
359,Port Blair,IN,2020-01-04 17:57:04,11.67,92.75,81.36,76,52,11.65
360,Gunjur,GM,2020-01-04 17:57:04,13.18,-16.76,87.8,27,63,5.82
361,Cervignano Del Friuli,IT,2020-01-04 17:57:04,45.82,13.34,45.0,93,89,1.12
362,Touros,BR,2020-01-04 17:57:04,-5.2,-35.46,87.8,55,40,16.11
363,Sept-Iles,CA,2020-01-04 17:57:05,50.2,-66.38,28.99,79,75,4.7
364,Candiis,PH,2020-01-04 17:57:05,8.97,125.18,78.12,70,3,5.77
365,Pathein,MM,2020-01-04 17:55:28,16.78,94.73,74.84,80,0,4.54
366,Khujner,IN,2020-01-04 17:57:06,23.78,76.6,56.28,58,0,7.18
367,Charters Towers,AU,2020-01-04 17:57:06,-20.07,146.27,67.46,91,45,4.23
368,Birsk,RU,2020-01-04 17:56:51,55.42,55.54,29.44,92,100,16.33
369,Portobelo,PA,2020-01-04 17:57:06,9.55,-79.65,91.99,52,20,3.36
370,Srednekolymsk,RU,2020-01-04 17:57:07,67.46,153.71,-0.17,59,95,2.48
371,Bell Ville,AR,2020-01-04 17:57:07,-32.63,-62.69,89.01,47,0,7.0
372,General Roca,AR,2020-01-04 17:57:07,-39.03,-67.58,87.8,22,20,5.82
373,Dicabisagan,PH,2020-01-04 17:57:07,17.08,122.42,74.28,83,78,14.9
374,Umm Kaddadah,SD,2020-01-04 17:57:08,13.6,26.69,64.72,16,7,13.89
375,Dubrovka,RU,2020-01-04 17:57:08,59.85,30.93,34.0,86,75,8.95
376,Rajapalaiyam,IN,2020-01-04 17:57:08,9.45,77.55,73.98,89,92,1.14
377,Lompoc,US,2020-01-04 17:55:23,34.64,-120.46,59.0,57,1,7.07
378,Kahramanmaras,TR,2020-01-04 17:57:09,37.58,36.93,42.8,93,75,10.29
379,Padang,ID,2020-01-04 17:57:09,-0.92,100.36,68.63,94,100,5.1
380,Panzhihua,CN,2020-01-04 17:57:09,26.59,101.72,43.41,93,16,1.95
381,Isiro,CD,2020-01-04 17:57:09,2.77,27.62,77.49,61,58,1.9
382,Albania,CO,2020-01-04 17:57:10,5.76,-73.91,76.69,69,56,4.43
383,Eirunepe,BR,2020-01-04 17:57:10,-6.66,-69.87,92.68,43,36,5.21
384,Waingapu,ID,2020-01-04 17:57:10,-9.65,120.26,83.17,77,100,31.0
385,Biltine,TD,2020-01-04 17:57:11,14.53,20.93,67.98,19,31,14.38
386,Pitimbu,BR,2020-01-04 17:57:11,-7.47,-34.81,87.8,55,20,10.29
387,Hami,CN,2020-01-04 17:57:11,42.84,93.51,17.35,54,0,2.35
388,Aksu,KZ,2020-01-04 17:57:11,52.04,76.93,26.6,92,90,11.18
389,Talnakh,RU,2020-01-04 17:57:12,69.49,88.39,-4.0,76,100,17.9
390,Mae Tha,TH,2020-01-04 17:57:12,18.46,99.14,73.0,78,40,0.45
391,Huilong,CN,2020-01-04 17:57:12,31.15,106.5,47.82,79,100,4.07
392,Senneterre,CA,2020-01-04 17:57:12,48.39,-77.24,17.6,85,90,3.36
393,Adrar,DZ,2020-01-04 17:57:13,27.87,-0.29,62.6,25,64,8.05
394,Kulhudhuffushi,MV,2020-01-04 17:57:13,6.62,73.07,81.81,81,29,11.92
395,Khandyga,RU,2020-01-04 17:57:14,62.65,135.58,-28.84,96,6,2.51
396,Kabinda,CD,2020-01-04 17:57:14,-6.14,24.49,71.46,93,100,3.85
397,Bahir Dar,ET,2020-01-04 17:57:14,11.59,37.39,61.48,85,93,6.13
398,Ukiah,US,2020-01-04 17:53:04,39.15,-123.21,52.0,93,1,3.0
399,Akdepe,TM,2020-01-04 17:57:15,42.05,59.39,28.4,86,75,4.7
400,Seymour,US,2020-01-04 17:57:15,33.59,-99.26,50.0,49,0,5.99
401,Warrington,GB,2020-01-04 17:57:15,53.39,-2.59,45.0,93,40,3.36
402,Hilo,US,2020-01-04 17:52:33,19.71,-155.08,71.6,73,40,10.29
403,Esna,RO,2020-01-04 17:57:16,45.2,27.57,41.0,60,75,8.05
404,Madang,CN,2020-01-04 17:57:16,35.32,102.79,24.53,68,87,3.78
405,Amberley,NZ,2020-01-04 17:57:17,-43.15,172.73,53.01,87,100,6.93
406,Claveria,PH,2020-01-04 17:57:17,8.61,124.89,73.0,89,9,5.99
407,Kuopio,FI,2020-01-04 17:57:17,62.89,27.68,28.4,86,90,19.46
408,Iraquara,BR,2020-01-04 17:57:17,-12.24,-41.62,77.97,75,100,4.05
409,Palana,RU,2020-01-04 17:57:18,59.08,159.95,10.42,74,13,7.38
410,Nancha,CN,2020-01-04 17:57:18,47.14,129.26,-3.95,92,0,4.61
411,Apollonia,GR,2020-01-04 17:57:19,40.64,23.49,51.8,50,53,8.05
412,Okha,RU,2020-01-04 17:57:19,53.59,142.95,2.82,93,99,17.02
413,Santa Rosalia,IT,2020-01-04 17:57:19,38.07,13.27,60.01,72,75,6.93
414,Hammerfest,NO,2020-01-04 17:57:19,70.66,23.68,24.8,62,100,35.57
415,Deputatskiy,RU,2020-01-04 17:57:20,69.3,139.9,-7.04,82,89,1.41
416,Louveira,BR,2020-01-04 17:57:20,-23.09,-46.95,86.0,65,75,6.93
417,Xining,CN,2020-01-04 17:57:20,36.62,101.77,20.66,62,53,3.58
418,Sao Jose Da Coroa Grande,BR,2020-01-04 17:57:20,-8.9,-35.15,79.88,76,97,12.68
419,Tura,RU,2020-01-04 17:57:21,64.27,100.22,-1.32,96,100,7.02
420,Piacabucu,BR,2020-01-04 17:57:21,-10.41,-36.43,83.53,66,78,13.06
421,Bida,NG,2020-01-04 17:57:21,9.08,6.02,83.17,17,49,2.55
422,Limanowa,PL,2020-01-04 17:57:21,49.71,20.42,37.0,95,75,19.46
423,Yerbogachen,RU,2020-01-04 17:57:22,61.28,108.01,-4.56,95,44,6.55
424,Kununurra,AU,2020-01-04 17:57:22,-15.77,128.74,80.6,83,50,3.71
425,Helena,US,2020-01-04 17:57:22,46.59,-112.04,45.0,64,1,4.7
426,Igrim,RU,2020-01-04 17:57:22,63.19,64.42,27.41,86,76,12.39
427,Ust-Kulom,RU,2020-01-04 17:57:23,61.69,53.69,31.48,94,100,8.77
428,Honolulu,US,2020-01-04 17:55:16,21.3,-157.86,75.0,88,75,20.8
429,Oriximina,BR,2020-01-04 17:57:23,-1.77,-55.87,90.37,53,97,3.18
430,Quepos,CR,2020-01-04 17:55:02,9.43,-84.16,82.4,54,20,17.22
431,Ambulu,ID,2020-01-04 17:57:24,-8.35,113.61,82.67,78,97,16.17
432,Alpena,US,2020-01-04 17:57:24,45.06,-83.43,32.0,74,90,6.93
433,Inirida,CO,2020-01-04 17:57:25,3.87,-67.92,90.63,47,30,4.45
434,Canatlan,MX,2020-01-04 17:57:25,24.52,-104.78,48.99,48,5,5.55
435,Krutikha,RU,2020-01-04 17:57:25,53.96,81.21,15.75,91,93,12.06
436,Liezen,AT,2020-01-04 17:57:25,47.57,14.24,39.2,48,100,20.8
437,Killybegs,IE,2020-01-04 17:57:26,54.63,-8.45,48.2,100,90,3.36
438,Harnosand,SE,2020-01-04 17:57:26,62.63,17.94,33.01,50,0,20.8
439,Boguchany,RU,2020-01-04 17:57:26,58.38,97.46,15.75,93,76,7.16
440,Miraflores,PE,2020-01-04 17:53:01,-16.39,-71.52,66.2,55,40,8.05
441,Uni,RU,2020-01-04 17:55:25,57.75,51.49,27.37,93,100,9.64
442,Djambala,CG,2020-01-04 17:57:27,-2.55,14.76,74.5,49,56,1.34
443,Qaqortoq,GL,2020-01-04 17:57:27,60.72,-46.03,28.4,86,75,2.66
444,Conceicao Do Coite,BR,2020-01-04 17:57:27,-11.56,-39.28,89.56,46,100,2.57
445,Port Macquarie,AU,2020-01-04 17:57:28,-31.43,152.91,71.6,78,75,11.41
446,Nouadhibou,MR,2020-01-04 17:57:28,20.93,-17.03,73.4,28,0,10.29
447,Gushikawa,JP,2020-01-04 17:57:28,26.35,127.87,66.2,72,75,5.82
448,Pangnirtung,CA,2020-01-04 17:57:28,66.15,-65.72,1.4,70,90,2.24
449,Ulladulla,AU,2020-01-04 17:57:29,-35.36,150.48,70.0,35,40,9.17
450,Shebunino,RU,2020-01-04 17:57:29,57.66,40.04,30.2,92,90,8.95
451,Richards Bay,ZA,2020-01-04 17:57:29,-28.77,32.06,80.08,79,18,18.28
452,Linxia,CN,2020-01-04 17:57:30,35.6,103.21,24.53,68,87,3.78
453,Half Moon Bay,US,2020-01-04 17:57:30,37.46,-122.43,57.0,93,90,5.82
454,Laguna,BZ,2020-01-04 17:57:30,16.17,-88.94,86.0,66,40,6.93
455,Chimbote,PE,2020-01-04 17:57:30,-9.08,-78.59,79.27,59,46,13.51
456,Cervo,BR,2020-01-04 17:57:31,-22.19,-46.24,78.8,74,75,4.7
457,Guilin,CN,2020-01-04 17:57:31,25.28,110.29,51.8,81,75,4.47
458,Paranaiba,BR,2020-01-04 17:57:31,-19.68,-51.19,84.83,69,13,7.67
459,Belturbet,GB,2020-01-04 17:57:32,54.1,-7.44,46.99,89,100,5.01
460,Turukhansk,RU,2020-01-04 17:57:32,65.8,87.96,8.46,94,100,10.42
461,Antofagasta,CL,2020-01-04 17:54:11,-23.65,-70.4,71.6,60,20,17.22
462,Alatri,IT,2020-01-04 17:57:33,41.73,13.34,53.01,76,1,2.24
463,Port Hawkesbury,CA,2020-01-04 17:57:33,45.62,-61.36,41.0,83,40,12.75
464,Baherden,TM,2020-01-04 17:57:33,38.44,57.43,43.79,67,43,12.73
465,Chernyshevskiy,RU,2020-01-04 17:57:34,63.01,112.47,-4.52,99,99,2.01
466,Turgenevo,RU,2020-01-04 17:57:34,54.84,46.32,27.73,91,100,13.0
467,Sabang,PH,2020-01-04 17:57:34,13.8,121.11,75.99,92,6,1.01
468,Bridgetown,AU,2020-01-04 17:57:35,-33.96,116.14,53.01,68,0,1.01
469,Fort Nelson,CA,2020-01-04 17:57:35,58.81,-122.69,-5.8,70,75,11.41
470,Sangolqui,EC,2020-01-04 17:57:35,-0.33,-78.45,71.6,33,40,5.82
471,Palauig,PH,2020-01-04 17:57:35,15.44,119.9,71.92,75,18,5.53
472,Adamovka,RU,2020-01-04 17:57:36,51.52,59.94,11.26,97,92,10.83
473,Roma,IT,2020-01-04 17:55:21,41.89,12.48,53.6,76,19,2.24
474,Tautira,PF,2020-01-04 17:57:36,-17.73,-149.15,82.4,69,40,3.36
475,Jacareacanga,BR,2020-01-04 17:57:37,-6.22,-57.76,75.78,90,100,2.13
476,Bushenyi,UG,2020-01-04 17:57:37,-0.54,30.19,69.87,67,35,5.73
477,Misratah,LY,2020-01-04 17:57:38,32.38,15.09,60.22,73,61,19.26
478,Isangel,VU,2020-01-04 17:57:38,-19.55,169.27,75.76,78,16,12.84
479,Sri Aman,MY,2020-01-04 17:57:38,1.24,111.46,77.0,100,93,3.31
480,Soyo,AO,2020-01-04 17:57:38,-6.13,12.37,78.8,94,75,6.93
481,Pavilosta,LV,2020-01-04 17:57:38,56.89,21.19,41.0,60,26,9.17
482,Anito,PH,2020-01-04 17:57:39,12.45,125.29,81.19,78,49,21.18
483,Banjar,ID,2020-01-04 17:57:39,-7.37,108.54,74.86,94,100,1.45
484,Kurchum,KZ,2020-01-04 17:57:39,48.57,83.65,6.24,86,33,2.66
485,Nome,US,2020-01-04 17:57:39,30.04,-94.42,62.6,48,1,4.7
486,Abnub,EG,2020-01-04 17:57:40,27.27,31.15,53.6,54,2,9.17
487,Mikhaylovka,RU,2020-01-04 17:57:40,52.96,103.29,7.41,86,100,1.23
488,Hofn,IS,2020-01-04 17:57:40,64.25,-15.21,46.71,84,100,36.89
489,Lipin Bor,RU,2020-01-04 17:57:41,60.26,37.97,32.54,86,100,7.9
490,Lapa,BR,2020-01-04 17:56:34,-25.77,-49.72,66.99,100,90,11.41
491,Sari,IR,2020-01-04 17:57:41,36.57,53.06,46.4,81,40,4.7
492,Suba,CN,2020-01-04 17:57:42,28.73,103.51,35.24,93,85,3.04
493,Nalut,LY,2020-01-04 17:57:42,31.86,10.98,51.22,34,0,7.18
494,Bandarbeyla,SO,2020-01-04 17:57:42,9.49,50.81,77.63,79,19,14.25
495,Walvis Bay,NA,2020-01-04 17:57:43,-22.95,14.51,63.0,88,14,1.99
496,Dmitriyevka,GE,2020-01-04 17:57:43,43.08,41.0,42.87,55,99,3.13
497,Shitanjing,CN,2020-01-04 17:57:43,39.23,106.34,26.13,81,0,3.49
498,Namibe,AO,2020-01-04 17:57:44,-15.19,12.15,75.31,91,100,8.86
499,Marzuq,YE,2020-01-04 17:57:44,14.4,46.47,62.65,75,0,6.24
500,Kingsport,US,2020-01-04 17:54:36,36.55,-82.56,51.01,87,75,12.75
501,Zaidpur,IN,2020-01-04 17:57:44,26.83,81.33,55.4,93,20,2.24
502,Otukpo,NG,2020-01-04 17:57:45,7.19,8.13,81.41,20,38,4.45
503,Lugoba,TZ,2020-01-04 17:57:45,-6.46,38.33,75.56,91,94,3.49
504,Nemuro,JP,2020-01-04 17:57:45,43.32,145.57,23.77,63,14,20.24
505,Jimeta,NG,2020-01-04 17:57:45,9.28,12.44,75.83,21,0,1.39
506,Hailey,US,2020-01-04 17:57:46,43.52,-114.32,26.6,68,90,8.05
507,Pangkalanbuun,ID,2020-01-04 17:54:49,-2.68,111.62,74.95,97,88,2.19
508,Rio Gallegos,AR,2020-01-04 17:56:18,-51.62,-69.22,59.0,48,40,20.8
509,Sinnamary,GF,2020-01-04 17:57:46,5.38,-52.96,79.74,81,79,15.05
510,Doha,QA,2020-01-04 17:55:36,25.29,51.53,71.6,73,0,6.93
511,Purranque,CL,2020-01-04 17:57:47,-40.91,-73.16,68.0,42,20,9.17
512,Kuala Terengganu,MY,2020-01-04 17:57:48,5.33,103.14,80.6,83,40,5.82
513,Thunder Bay,CA,2020-01-04 17:55:20,48.41,-89.26,27.0,85,90,6.93
514,Gold Coast,AU,2020-01-04 17:54:26,-28.0,153.41,73.99,78,75,9.17
515,Araguaina,BR,2020-01-04 17:53:49,-7.19,-48.21,77.18,87,100,9.46
516,Adre,TD,2020-01-04 17:57:49,13.47,22.2,63.81,20,16,13.62
517,Ambilobe,MG,2020-01-04 17:57:49,-13.19,49.05,80.92,83,63,5.46
518,Micheweni,TZ,2020-01-04 17:57:50,-4.97,39.83,82.65,78,52,13.09
519,Matanzas,CU,2020-01-04 17:57:50,23.05,-81.58,86.0,58,40,9.17
520,Kankon,IN,2020-01-04 17:57:50,15.02,74.02,73.4,64,0,9.17
521,Ayorou,NE,2020-01-04 17:57:50,14.73,0.92,68.49,14,0,10.36
522,Taldan,RU,2020-01-04 17:57:51,53.69,124.82,-13.74,93,14,1.25
523,Weinan,CN,2020-01-04 17:57:51,34.5,109.46,45.0,48,100,6.71
524,Santa Cruz,BR,2020-01-04 17:57:52,-6.22,-36.02,95.07,29,37,10.36
525,Gamba,CN,2020-01-04 17:57:52,28.28,88.52,7.99,59,75,4.54
526,Shellbrook,CA,2020-01-04 17:57:52,53.22,-106.39,23.0,79,75,17.22
527,Ratnagiri,IN,2020-01-04 17:57:52,16.98,73.3,62.89,89,0,2.21
528,Puerto Colombia,CO,2020-01-04 17:57:53,10.99,-74.96,89.6,59,20,10.29
529,Mpanda,BI,2020-01-04 17:57:53,-3.17,29.4,60.01,94,90,3.4
530,Fuxin,CN,2020-01-04 17:57:53,42.02,121.65,15.12,72,0,2.04
531,Olutanga,PH,2020-01-04 17:57:54,7.31,122.85,76.46,82,41,5.14
532,Riyadh,SA,2020-01-04 17:54:27,24.63,46.72,68.0,56,40,9.17
533,Saint-Pierre,FR,2020-01-04 17:57:54,48.95,4.24,44.6,93,90,6.93
534,Husavik,CA,2020-01-04 17:57:54,50.56,-96.99,26.01,98,98,5.01
535,Carutapera,BR,2020-01-04 17:57:55,-1.2,-46.02,82.06,74,80,8.41
536,Vryburg,ZA,2020-01-04 17:57:55,-26.96,24.73,71.33,60,44,15.52
537,Kim,DE,2020-01-04 17:57:55,48.09,11.36,39.2,74,100,14.99
538,Blagoveshchenka,RU,2020-01-04 17:57:55,52.83,79.87,19.54,89,30,13.6
539,Kendari,ID,2020-01-04 17:57:56,-3.99,122.52,75.34,95,100,2.93
540,Awbari,LY,2020-01-04 17:57:56,26.59,12.77,49.17,51,0,6.13
541,Todos Santos,MX,2020-01-04 17:57:56,23.45,-110.23,72.0,40,5,17.22
542,Kaitangata,NZ,2020-01-04 17:57:57,-46.28,169.85,49.44,84,100,22.17
543,Beyneu,KZ,2020-01-04 17:57:57,45.32,55.19,28.63,66,10,5.55
544,Sibi,PK,2020-01-04 17:57:57,29.55,67.88,59.34,38,38,1.59
545,Kearney,US,2020-01-04 17:56:14,40.7,-99.08,37.4,74,1,10.29
546,Burnie,AU,2020-01-04 17:57:58,-41.05,145.91,50.0,66,100,8.01
547,Westport,US,2020-01-04 17:57:58,41.14,-73.36,51.01,100,90,6.93
548,Mae Ramat,TH,2020-01-04 17:57:58,16.98,98.52,67.26,79,5,1.21
549,Lata,IN,2020-01-04 17:57:59,30.78,78.62,3.24,90,100,6.11
550,Russell,US,2020-01-04 17:57:59,38.9,-98.86,44.01,48,1,16.11
551,Tezu,IN,2020-01-04 17:57:59,27.93,96.16,54.07,96,56,0.27
552,Tual,ID,2020-01-04 17:57:59,-5.67,132.75,82.47,79,98,20.62
553,Moyale,ET,2020-01-04 17:58:00,3.52,39.05,77.13,48,87,6.51
554,Lorengau,PG,2020-01-04 17:58:00,-2.02,147.27,83.88,74,81,11.03
555,Mwinilunga,ZM,2020-01-04 17:58:00,-11.73,24.43,63.9,94,100,3.2
556,Bowen,AU,2020-01-04 17:58:01,-20.01,148.25,75.0,88,40,6.93
557,Grand-Santi,GF,2020-01-04 17:58:01,4.27,-54.38,84.97,65,85,5.86
558,Ewa Beach,US,2020-01-04 17:58:01,21.32,-158.01,75.0,88,75,20.8
559,Maragogi,BR,2020-01-04 17:58:02,-9.01,-35.22,79.88,76,97,12.68
560,Meadow Lake,CA,2020-01-04 17:53:23,54.13,-108.44,23.0,79,90,9.17
561,Agadez,NE,2020-01-04 17:58:03,16.97,7.99,68.0,20,0,24.16
562,San Juan,AR,2020-01-04 17:54:14,-31.54,-68.53,98.47,18,0,9.35
563,Khipro,PK,2020-01-04 17:58:03,25.83,69.38,65.91,32,0,5.79
564,Zhurivka,UA,2020-01-04 17:58:04,50.5,31.77,37.4,95,90,6.71
565,Thinadhoo,MV,2020-01-04 17:58:04,0.53,72.93,83.43,67,55,3.51
566,Bonga,ET,2020-01-04 17:58:04,7.26,36.25,59.25,90,61,1.14
567,Wewak,PG,2020-01-04 17:58:05,-3.55,143.63,76.91,88,100,9.35
568,Paamiut,GL,2020-01-04 17:58:05,61.99,-49.67,27.16,58,100,5.88
569,Hervey Bay,AU,2020-01-04 17:58:05,-25.3,152.85,69.8,77,13,3.36
570,Kenai,US,2020-01-04 17:58:05,60.55,-151.26,-0.99,75,1,4.7
571,Leningradskiy,RU,2020-01-04 17:58:06,69.38,178.42,-9.13,61,61,1.9
572,Vostok,RU,2020-01-04 17:58:06,46.45,135.83,-10.25,97,91,4.7
573,Baruun-Urt,MN,2020-01-04 17:58:06,46.68,113.28,6.76,77,0,6.69
574,Chistogorskiy,RU,2020-01-04 17:58:06,53.98,87.38,15.33,96,80,4.25
