City_ID,City,Country,Date,Lat,Lng,Max Temp,Humidity,Cloudiness,Wind Speed,Current Description,Rain inches(last 3hrs),Snow inches(last 3hrs)
0,Punta Arenas,CL,2020-01-06 03:06:30,-53.16,-70.91,46.4,61,40,12.75,scattered clouds,0.0,0.0
1,Hobart,AU,2020-01-06 03:04:03,-42.88,147.33,77.0,55,20,17.22,few clouds,0.0,0.0
2,Brae,GB,2020-01-06 03:06:30,60.4,-1.35,50.0,87,100,17.22,light rain,0.44,0.0
3,Kapaa,US,2020-01-06 03:02:49,22.08,-159.32,80.6,74,75,19.46,broken clouds,0.0,0.0
4,Nantucket,US,2020-01-06 03:06:30,41.28,-70.1,35.6,55,1,11.41,clear sky,0.0,0.0
5,Puerto Ayora,EC,2020-01-06 03:02:42,-0.74,-90.35,75.99,82,0,3.0,clear sky,0.0,0.0
6,Saskylakh,RU,2020-01-06 03:06:30,71.97,114.09,-16.62,92,100,16.02,overcast clouds,0.0,0.0
7,Tigre,AR,2020-01-06 03:06:30,-34.42,-58.58,77.0,60,90,28.86,overcast clouds,0.0,0.0
8,Floresta,BR,2020-01-06 03:06:30,-8.6,-38.57,79.9,63,100,6.78,overcast clouds,0.0,0.0
9,Prince Rupert,CA,2020-01-06 03:03:48,54.32,-130.32,37.4,66,20,8.05,few clouds,0.0,0.0
10,Albany,US,2020-01-06 03:06:00,42.65,-73.75,28.4,63,20,3.36,few clouds,0.0,0.0
11,Barrow,AR,2020-01-06 03:06:31,-38.31,-60.23,61.7,89,100,7.25,overcast clouds,0.0,0.0
12,San Cristobal,HN,2020-01-06 03:06:31,14.68,-86.92,58.95,98,72,4.65,broken clouds,0.0,0.0
13,Bethel,US,2020-01-06 03:03:01,60.79,-161.76,-16.6,68,1,6.93,clear sky,0.0,0.0
14,Rikitea,PF,2020-01-06 03:06:31,-23.12,-134.97,76.28,76,52,16.04,broken clouds,0.0,0.0
15,Sitka,US,2020-01-06 03:02:42,37.17,-99.65,37.0,50,0,6.64,clear sky,0.0,0.0
16,Nome,US,2020-01-06 03:06:31,30.04,-94.42,62.01,87,1,3.36,clear sky,0.0,0.0
17,Salalah,OM,2020-01-06 03:03:58,17.01,54.1,75.2,78,75,3.36,broken clouds,0.0,0.0
18,Vila Franca Do Campo,PT,2020-01-06 03:06:31,37.72,-25.43,64.4,93,75,13.87,broken clouds,0.0,0.0
19,Vaini,IN,2020-01-06 03:06:31,15.34,74.49,68.0,88,75,4.7,mist,0.0,0.0
20,Chuy,UY,2020-01-06 03:06:31,-33.69,-53.46,69.55,85,0,11.83,clear sky,0.0,0.0
21,Nanortalik,GL,2020-01-06 03:06:31,60.14,-45.24,28.49,71,100,29.53,snow,0.0,2.25
22,Deer Lake,CA,2020-01-06 03:06:32,49.18,-57.43,26.6,86,90,21.92,light snow,0.0,0.0
23,Grindavik,IS,2020-01-06 03:06:32,63.84,-22.43,35.6,100,90,23.04,light snow,0.0,0.0
24,Tuktoyaktuk,CA,2020-01-06 03:06:32,69.44,-133.03,-23.8,74,20,4.7,few clouds,0.0,0.0
25,Mataura,NZ,2020-01-06 03:06:32,-46.19,168.86,50.0,83,100,21.0,light rain,1.19,0.0
26,Naze,NG,2020-01-06 03:03:22,5.43,7.07,73.4,83,2,0.83,dust,0.0,0.0
27,Alice Springs,AU,2020-01-06 03:06:32,-23.7,133.88,71.6,60,90,8.05,overcast clouds,0.0,0.0
28,Port Alfred,ZA,2020-01-06 03:06:32,-33.59,26.89,68.0,93,99,3.13,overcast clouds,0.0,0.0
29,Shibetsu,JP,2020-01-06 03:06:32,44.15,142.46,24.8,79,75,11.41,light shower snow,0.0,0.0
30,Collie,AU,2020-01-06 03:06:32,-33.36,116.15,91.99,12,33,1.92,scattered clouds,0.0,0.0
31,Luderitz,NA,2020-01-06 03:01:44,-26.65,15.16,62.92,85,0,20.76,clear sky,0.0,0.0
32,Kiama,AU,2020-01-06 03:06:32,-34.67,150.86,73.0,73,100,12.75,light rain,0.19,0.0
33,Maniitsoq,GL,2020-01-06 03:06:33,65.42,-52.9,4.98,98,100,26.04,light snow,0.0,0.88
34,Sao Mateus Do Maranhao,BR,2020-01-06 03:06:33,-4.04,-44.48,74.08,96,98,2.73,light rain,0.19,0.0
35,Ostersund,SE,2020-01-06 03:06:33,63.18,14.64,37.99,85,70,12.75,broken clouds,0.0,0.0
36,Bluff,AU,2020-01-06 03:06:33,-23.58,149.07,90.79,38,74,13.69,broken clouds,0.0,0.0
37,Rondonopolis,BR,2020-01-06 03:06:33,-16.46,-54.64,74.43,81,67,2.59,broken clouds,0.0,0.0
38,Severo-Kurilsk,RU,2020-01-06 03:06:33,50.68,156.12,26.65,91,99,8.43,snow,0.0,5.5
39,Lasa,CY,2020-01-06 03:06:33,34.92,32.53,60.8,82,90,11.41,moderate rain,0.0,0.0
40,Fortuna,US,2020-01-06 03:06:33,40.6,-124.16,46.4,87,1,3.36,clear sky,0.0,0.0
41,Atuona,PF,2020-01-06 03:06:33,-9.8,-139.03,79.9,78,63,10.71,light rain,1.75,0.0
42,Carauari,BR,2020-01-06 03:06:33,-4.88,-66.9,75.88,94,100,1.36,overcast clouds,0.0,0.0
43,Tasiilaq,GL,2020-01-06 03:03:18,65.61,-37.64,20.64,90,100,38.86,snow,0.0,1.94
44,Tiznit,MA,2020-01-06 03:06:33,29.7,-9.73,47.19,87,0,1.19,clear sky,0.0,0.0
45,Lebu,ET,2020-01-06 03:06:34,8.96,38.73,53.6,76,20,8.05,few clouds,0.0,0.0
46,Carnarvon,ZA,2020-01-06 03:06:34,-30.97,22.13,58.98,82,69,7.38,broken clouds,0.0,0.0
47,New Norfolk,AU,2020-01-06 03:06:34,-42.78,147.06,77.0,55,20,17.22,few clouds,0.0,0.0
48,Karratha,AU,2020-01-06 03:03:28,-20.74,116.85,87.49,64,100,6.98,light rain,0.25,0.0
49,Goderich,CA,2020-01-06 03:03:49,43.74,-81.71,33.01,97,100,14.74,snow,0.0,1.56
50,Praia Da Vitoria,PT,2020-01-06 03:06:34,38.73,-27.07,64.4,82,75,20.18,broken clouds,0.0,0.0
51,Hilo,US,2020-01-06 03:06:34,19.71,-155.08,71.6,83,90,4.7,heavy intensity rain,0.0,0.0
52,Marsa Matruh,EG,2020-01-06 03:03:54,31.35,27.25,51.8,71,40,17.22,scattered clouds,0.0,0.0
53,General Roca,AR,2020-01-06 03:06:34,-39.03,-67.58,66.2,37,0,16.11,clear sky,0.0,0.0
54,Chantada,ES,2020-01-06 03:06:34,42.61,-7.77,37.0,100,90,2.24,fog,0.0,0.0
55,Meulaboh,ID,2020-01-06 03:03:09,4.14,96.13,80.6,76,29,5.77,scattered clouds,0.0,0.0
56,Abashiri,JP,2020-01-06 03:06:34,44.01,144.25,28.4,50,75,12.75,broken clouds,0.0,0.0
57,Hermanus,ZA,2020-01-06 03:06:34,-34.42,19.24,63.0,94,100,9.78,overcast clouds,0.0,0.0
58,Pacific Grove,US,2020-01-06 03:06:25,36.62,-121.92,55.4,76,1,3.36,clear sky,0.0,0.0
59,Cayenne,GF,2020-01-06 03:03:06,4.94,-52.33,77.0,88,42,3.36,light rain,0.19,0.0
60,Jamestown,AU,2020-01-06 03:02:50,-33.21,138.6,73.4,55,82,0.31,broken clouds,0.0,0.0
61,Dikson,RU,2020-01-06 03:06:35,73.51,80.55,17.19,94,100,16.11,light snow,0.0,0.19
62,Veraval,FR,2020-01-06 03:06:35,49.65,0.71,41.0,93,0,3.36,clear sky,0.0,0.0
63,Kadaya,RU,2020-01-06 03:06:35,50.93,119.29,9.19,94,100,6.35,light snow,0.0,0.38
64,Chokurdakh,RU,2020-01-06 03:02:49,70.62,147.9,-20.38,100,16,1.92,few clouds,0.0,0.0
65,Itarema,BR,2020-01-06 03:06:35,-2.92,-39.92,76.15,87,43,4.32,scattered clouds,0.0,0.0
66,Beringovskiy,RU,2020-01-06 03:06:35,63.05,179.32,-6.29,80,94,16.04,overcast clouds,0.0,0.0
67,Dingle,PH,2020-01-06 03:06:35,11.0,122.67,79.36,85,97,16.37,light rain,1.44,0.0
68,Hithadhoo,MV,2020-01-06 03:03:21,-0.6,73.08,84.33,73,100,12.73,overcast clouds,0.0,0.0
69,Nardaran,AZ,2020-01-06 03:06:35,40.56,50.01,41.0,100,40,4.7,scattered clouds,0.0,0.0
70,Upernavik,GL,2020-01-06 03:06:35,72.79,-56.15,-30.44,96,94,15.59,overcast clouds,0.0,0.0
71,Kavieng,PG,2020-01-06 03:03:37,-2.57,150.8,85.75,69,29,8.14,scattered clouds,0.0,0.0
72,Arraial Do Cabo,BR,2020-01-06 03:02:44,-22.97,-42.02,76.08,86,100,2.51,light rain,0.63,0.0
73,Mahebourg,MU,2020-01-06 03:02:06,-20.41,57.7,75.2,94,40,10.29,shower rain,0.0,0.0
74,Kruisfontein,ZA,2020-01-06 03:06:36,-34.0,24.73,63.05,87,100,3.0,overcast clouds,0.0,0.0
75,Jos,NG,2020-01-06 03:03:27,9.92,8.9,56.21,44,100,3.36,overcast clouds,0.0,0.0
76,Qasigiannguit,GL,2020-01-06 03:06:36,68.82,-51.19,8.6,65,100,14.99,overcast clouds,0.0,0.0
77,Estelle,FR,2020-01-06 03:03:40,43.97,3.47,43.0,75,90,8.05,overcast clouds,0.0,0.0
78,Birjand,IR,2020-01-06 03:03:31,32.86,59.22,32.0,59,41,2.66,scattered clouds,0.0,0.0
79,Vincennes,FR,2020-01-06 03:06:36,48.85,2.44,37.99,86,0,3.36,clear sky,0.0,0.0
80,Qaanaaq,GL,2020-01-06 03:06:36,77.48,-69.36,-25.26,51,74,2.95,broken clouds,0.0,0.0
81,Dzilam Gonzalez,MX,2020-01-06 03:06:37,21.28,-88.93,72.73,74,1,17.69,light rain,0.13,0.0
82,Ponta Do Sol,BR,2020-01-06 03:06:37,-20.63,-46.0,66.6,96,2,2.24,light rain,0.31,0.0
83,Ushuaia,AR,2020-01-06 03:06:37,-54.81,-68.31,46.4,75,75,26.4,broken clouds,0.0,0.0
84,Lodja,CD,2020-01-06 03:06:37,-3.52,23.6,67.3,98,100,1.54,overcast clouds,0.0,0.0
85,Hue,VN,2020-01-06 03:06:37,16.47,107.58,80.6,69,40,4.7,scattered clouds,0.0,0.0
86,Aykhal,RU,2020-01-06 03:06:37,65.95,111.51,-0.4,84,90,6.71,light snow,0.0,0.0
87,Alexandria,RO,2020-01-06 03:01:49,43.97,25.33,30.0,92,12,7.47,few clouds,0.0,0.0
88,Lompoc,US,2020-01-06 03:03:25,34.64,-120.46,57.2,37,1,6.93,clear sky,0.0,0.0
89,Pisco,PE,2020-01-06 03:04:11,-13.71,-76.2,69.8,83,65,16.11,broken clouds,0.0,0.0
90,Yulara,AU,2020-01-06 03:06:37,-25.24,130.99,73.4,64,40,16.11,scattered clouds,0.0,0.0
91,Alofi,NU,2020-01-06 03:06:37,-19.06,-169.92,78.8,100,3,9.17,clear sky,0.0,0.0
92,Talnakh,RU,2020-01-06 03:06:38,69.49,88.39,19.4,92,40,29.08,light shower snow,0.0,0.0
93,Seoul,KR,2020-01-06 03:05:29,37.57,126.98,41.0,59,90,2.24,overcast clouds,0.0,0.0
94,Ribeira Grande,PT,2020-01-06 03:06:38,38.52,-28.7,60.04,93,100,16.71,overcast clouds,0.0,0.0
95,Bagdarin,RU,2020-01-06 03:06:38,54.44,113.59,3.06,81,0,3.53,clear sky,0.0,0.0
96,Georgetown,GY,2020-01-06 03:03:17,6.8,-58.16,71.6,88,0,4.7,clear sky,0.0,0.0
97,Nizhniy Kuranakh,RU,2020-01-06 03:06:38,58.84,125.49,15.69,89,100,12.68,light snow,0.0,0.13
98,Port Macquarie,AU,2020-01-06 03:01:52,-31.43,152.91,87.01,61,90,10.29,overcast clouds,0.0,0.0
99,Cape Town,ZA,2020-01-06 03:04:41,-33.93,18.42,63.0,72,40,8.05,scattered clouds,0.0,0.0
100,Fortaleza,BR,2020-01-06 03:03:08,-3.73,-38.52,86.0,74,75,8.05,broken clouds,0.0,0.0
101,Ilulissat,GL,2020-01-06 03:02:49,69.22,-51.1,8.6,65,100,14.99,overcast clouds,0.0,0.0
102,Tual,ID,2020-01-06 03:03:53,-5.67,132.75,84.42,76,76,11.16,broken clouds,0.0,0.0
103,Terrace,CA,2020-01-06 03:06:38,54.52,-128.61,32.0,96,75,8.05,light shower snow,0.0,0.0
104,Busselton,AU,2020-01-06 03:02:53,-33.64,115.35,91.99,12,23,11.43,few clouds,0.0,0.0
105,Erenhot,CN,2020-01-06 03:06:38,43.65,111.97,13.1,80,0,8.5,clear sky,0.0,0.0
106,Mayor Pablo Lagerenza,PY,2020-01-06 03:06:39,-19.93,-60.77,86.43,49,84,12.71,broken clouds,0.0,0.0
107,Gravdal,NO,2020-01-06 03:06:39,59.79,5.78,48.0,93,100,12.75,moderate rain,3.25,0.0
108,Kodiak,US,2020-01-06 03:03:22,39.95,-94.76,37.0,59,1,4.7,clear sky,0.0,0.0
109,Ekhabi,RU,2020-01-06 03:06:39,53.51,142.97,25.0,87,96,14.72,overcast clouds,0.0,0.0
110,Chernyshevskiy,RU,2020-01-06 03:04:05,63.01,112.47,7.0,92,100,11.45,light snow,0.0,0.19
111,Salinas,US,2020-01-06 03:06:39,36.67,-121.66,55.4,76,1,3.36,clear sky,0.0,0.0
112,Mazagao,BR,2020-01-06 03:06:39,-0.12,-51.29,77.0,100,20,3.36,few clouds,0.0,0.0
113,Kaitangata,NZ,2020-01-06 03:02:42,-46.28,169.85,53.01,65,100,18.99,light rain,0.94,0.0
114,Godhra,IN,2020-01-06 03:06:39,22.78,73.62,59.0,72,0,4.7,haze,0.0,0.0
115,Sangar,RU,2020-01-06 03:06:39,63.92,127.47,-5.15,88,99,12.53,overcast clouds,0.0,0.0
116,Stepnyak,KZ,2020-01-06 03:06:40,52.83,70.79,15.53,92,0,7.56,clear sky,0.0,0.0
117,Fort Nelson,CA,2020-01-06 03:06:40,58.81,-122.69,-9.4,69,75,8.05,broken clouds,0.0,0.0
118,Constitucion,MX,2020-01-06 03:06:40,23.99,-104.67,46.4,36,20,3.36,few clouds,0.0,0.0
119,Thinadhoo,MV,2020-01-06 03:03:08,0.53,72.93,83.93,74,88,13.0,overcast clouds,0.0,0.0
120,Lagoa,PT,2020-01-06 03:06:40,37.14,-8.45,51.01,87,0,5.82,clear sky,0.0,0.0
121,Tazovskiy,RU,2020-01-06 03:06:40,67.47,78.7,9.32,91,8,16.42,clear sky,0.0,0.0
122,Chapeco,BR,2020-01-06 03:06:40,-27.1,-52.62,75.0,73,10,9.17,clear sky,0.0,0.0
123,Faanui,PF,2020-01-06 03:06:40,-16.48,-151.75,82.38,72,12,11.03,light rain,0.69,0.0
124,Kapit,MY,2020-01-06 03:06:40,2.02,112.94,86.74,65,99,1.77,overcast clouds,0.0,0.0
125,Ketchikan,US,2020-01-06 03:06:40,55.34,-131.65,33.8,86,75,4.7,broken clouds,0.0,0.0
126,Avera,US,2020-01-06 03:06:40,33.19,-82.53,46.4,49,1,3.36,clear sky,0.0,0.0
127,Glace Bay,CA,2020-01-06 03:06:04,46.2,-59.96,30.99,92,90,35.57,light snow,0.0,0.0
128,Sao Miguel Do Araguaia,BR,2020-01-06 03:06:40,-13.28,-50.16,71.69,98,73,4.16,broken clouds,0.0,0.0
129,Tiksi,RU,2020-01-06 03:03:03,71.64,128.87,-12.57,86,3,13.6,clear sky,0.0,0.0
130,Alakurtti,RU,2020-01-06 03:06:41,66.96,30.34,19.29,96,100,5.88,light snow,0.0,0.44
131,Thompson,CA,2020-01-06 03:02:59,55.74,-97.86,5.0,92,90,8.05,light snow,0.0,0.0
132,Abha,SA,2020-01-06 03:06:41,18.22,42.5,57.2,87,20,6.93,few clouds,0.0,0.0
133,Hasaki,JP,2020-01-06 03:03:38,35.73,140.83,50.0,42,20,13.87,few clouds,0.0,0.0
134,Paamiut,GL,2020-01-06 03:06:41,61.99,-49.67,12.29,95,100,34.38,snow,0.0,1.69
135,Galesong,ID,2020-01-06 03:06:41,-5.32,119.37,80.6,88,40,6.93,scattered clouds,0.0,0.0
136,Haines Junction,CA,2020-01-06 03:06:41,60.75,-137.51,-3.01,98,100,4.85,overcast clouds,0.0,0.0
137,Nizhneangarsk,RU,2020-01-06 03:06:41,55.78,109.57,0.57,80,0,1.52,clear sky,0.0,0.0
138,Minas Novas,BR,2020-01-06 03:03:26,-17.22,-42.59,66.54,97,68,0.45,broken clouds,0.0,0.0
139,Najran,SA,2020-01-06 03:06:41,17.54,44.22,62.6,59,0,5.82,clear sky,0.0,0.0
140,Antalaha,MG,2020-01-06 03:06:41,-14.9,50.28,80.06,78,86,8.55,light rain,0.81,0.0
141,Castro,CL,2020-01-06 03:06:41,-42.48,-73.76,51.8,81,90,4.7,light intensity shower rain,0.0,0.0
142,Kahului,US,2020-01-06 03:06:42,20.89,-156.47,82.4,54,20,17.22,few clouds,0.0,0.0
143,Bogale,MM,2020-01-06 03:06:42,16.29,95.4,81.88,60,4,7.7,clear sky,0.0,0.0
144,Port Elizabeth,US,2020-01-06 03:06:42,39.31,-74.98,37.4,73,1,4.94,clear sky,0.0,0.0
145,Yellowknife,CA,2020-01-06 03:02:49,62.45,-114.38,-18.0,75,5,5.82,clear sky,0.0,0.0
146,Hirara,JP,2020-01-06 03:06:42,24.8,125.28,75.2,60,75,13.87,broken clouds,0.0,0.0
147,Bambous Virieux,MU,2020-01-06 03:03:02,-20.34,57.76,75.2,94,40,10.29,shower rain,0.0,0.0
148,Yeppoon,AU,2020-01-06 03:06:42,-23.13,150.74,87.8,48,40,10.29,scattered clouds,0.0,0.0
149,Saint-Augustin,CA,2020-01-06 03:06:42,45.63,-73.98,17.01,78,20,3.36,few clouds,0.0,0.0
150,Honningsvag,NO,2020-01-06 03:06:42,70.98,25.97,26.19,76,100,14.85,overcast clouds,0.0,0.0
151,Beysehir,TR,2020-01-06 03:06:42,37.68,31.72,31.42,98,93,6.4,snow,0.0,5.44
152,Muros,ES,2020-01-06 03:06:42,42.77,-9.06,44.01,100,90,2.24,fog,0.0,0.0
153,Englewood,US,2020-01-06 03:06:42,39.65,-104.99,30.99,58,20,9.17,few clouds,0.0,0.0
154,Hami,CN,2020-01-06 03:06:43,42.84,93.51,22.86,38,99,1.16,overcast clouds,0.0,0.0
155,Bredasdorp,ZA,2020-01-06 03:02:55,-34.53,20.04,64.4,72,100,6.93,overcast clouds,0.0,0.0
156,Vite,ES,2020-01-06 03:06:43,42.89,-8.54,39.99,100,90,2.24,fog,0.0,0.0
157,Nalut,LY,2020-01-06 03:06:43,31.86,10.98,49.51,83,55,10.54,light rain,0.13,0.0
158,Aklavik,CA,2020-01-06 03:06:43,68.22,-135.01,-16.6,68,90,2.24,light snow,0.0,0.0
159,Tevriz,RU,2020-01-06 03:06:43,57.51,72.4,8.67,96,85,5.41,overcast clouds,0.0,0.0
160,Sinazongwe,ZM,2020-01-06 03:06:43,-17.26,27.46,74.8,82,100,1.88,overcast clouds,0.0,0.0
161,North Bend,US,2020-01-06 03:03:09,43.41,-124.22,48.0,87,40,4.7,scattered clouds,0.0,0.0
162,Rawalpindi,PK,2020-01-06 03:06:43,33.6,73.06,46.99,87,90,5.82,drizzle,0.0,0.0
163,Tessalit,ML,2020-01-06 03:06:43,20.2,1.01,52.03,28,3,12.28,clear sky,0.0,0.0
164,Butaritari,KI,2020-01-06 03:06:43,3.07,172.79,85.01,75,100,17.43,moderate rain,11.06,0.0
165,Kendari,ID,2020-01-06 03:06:43,-3.99,122.52,78.87,91,100,3.56,moderate rain,4.0,0.0
166,Puli,TW,2020-01-06 03:06:44,23.97,120.97,69.01,82,75,2.24,mist,0.0,0.0
167,Dong Hoi,VN,2020-01-06 03:06:45,17.48,106.6,74.95,75,8,5.21,clear sky,0.0,0.0
168,Port-Gentil,GA,2020-01-06 03:06:45,-0.72,8.78,82.04,76,100,5.66,light rain,0.63,0.0
169,Victoria,BN,2020-01-06 03:06:39,5.28,115.24,86.0,66,75,3.36,broken clouds,0.0,0.0
170,Cherskiy,RU,2020-01-06 03:06:45,68.75,161.3,-9.81,63,1,4.23,clear sky,0.0,0.0
171,Vangaindrano,MG,2020-01-06 03:06:45,-23.35,47.6,71.65,93,0,2.48,clear sky,0.0,0.0
172,College,US,2020-01-06 03:06:45,64.86,-147.8,-16.01,67,90,1.77,mist,0.0,0.0
173,Saint-Philippe,CA,2020-01-06 03:06:45,45.36,-73.48,19.99,66,90,5.82,overcast clouds,0.0,0.0
174,Vostok,RU,2020-01-06 03:06:45,46.45,135.83,10.76,87,36,3.06,scattered clouds,0.0,0.0
175,Nizwa,OM,2020-01-06 03:06:45,22.93,57.53,56.8,90,51,0.98,broken clouds,0.0,0.0
176,Santa Maria,BR,2020-01-06 03:04:54,-16.02,-48.01,69.8,94,75,6.93,broken clouds,0.0,0.0
177,Bangassou,CF,2020-01-06 03:06:46,4.74,22.82,67.24,43,100,3.13,overcast clouds,0.0,0.0
178,Iida,JP,2020-01-06 03:06:46,35.45,137.9,46.0,52,0,3.0,clear sky,0.0,0.0
179,Hambantota,LK,2020-01-06 03:06:46,6.12,81.12,78.8,94,20,8.05,few clouds,0.0,0.0
180,Pangnirtung,CA,2020-01-06 03:06:46,66.15,-65.72,-46.19,90,100,1.74,overcast clouds,0.0,0.0
181,Batsfjord,NO,2020-01-06 03:03:04,70.63,29.72,10.35,94,100,10.92,overcast clouds,0.0,0.0
182,Emerald,AU,2020-01-06 03:06:46,-23.53,148.16,89.6,46,90,13.87,overcast clouds,0.0,0.0
183,East London,ZA,2020-01-06 03:06:46,-33.02,27.91,71.82,77,44,5.39,scattered clouds,0.0,0.0
184,Madridejos,ES,2020-01-06 03:03:38,39.47,-3.54,32.0,97,0,3.02,clear sky,0.0,0.0
185,Mar Del Plata,AR,2020-01-06 03:06:46,-46.43,-67.52,56.43,57,64,23.22,broken clouds,0.0,0.0
186,Gobabis,NA,2020-01-06 03:06:46,-22.45,18.97,69.62,53,100,9.78,light rain,2.19,0.0
187,Imeni Poliny Osipenko,RU,2020-01-06 03:06:46,52.42,136.49,-1.43,83,0,4.52,clear sky,0.0,0.0
188,Lata,IN,2020-01-06 03:06:47,30.78,78.62,19.78,75,100,1.99,overcast clouds,0.0,0.0
189,Bodden Town,KY,2020-01-06 03:06:47,19.28,-81.25,78.8,78,40,14.99,scattered clouds,0.0,0.0
190,Shingu,JP,2020-01-06 03:06:47,33.72,135.99,48.2,39,20,4.7,few clouds,0.0,0.0
191,Valparaiso,US,2020-01-06 03:06:47,41.47,-87.06,39.2,93,40,13.87,scattered clouds,0.0,0.0
192,Tigil,RU,2020-01-06 03:03:54,57.8,158.67,7.47,73,0,2.55,clear sky,0.0,0.0
193,Berlevag,NO,2020-01-06 03:01:59,70.86,29.09,25.29,75,100,15.14,overcast clouds,0.0,0.0
194,Elizabeth City,US,2020-01-06 03:04:26,36.3,-76.22,43.0,71,1,7.87,clear sky,0.0,0.0
195,Barra Do Garcas,BR,2020-01-06 03:06:47,-15.89,-52.26,70.02,97,0,0.83,clear sky,0.0,0.0
196,Uong Bi,VN,2020-01-06 03:06:47,21.03,106.78,73.4,83,75,9.17,broken clouds,0.0,0.0
197,Srednekolymsk,RU,2020-01-06 03:03:36,67.46,153.71,-10.86,84,28,3.4,scattered clouds,0.0,0.0
198,Dali,CN,2020-01-06 03:06:47,34.79,109.94,35.91,94,100,4.18,light snow,0.0,0.13
199,Nova Vicosa,BR,2020-01-06 03:01:52,-17.89,-39.37,74.41,88,100,9.66,light rain,1.25,0.0
200,Coquimbo,CL,2020-01-06 03:06:48,-29.95,-71.34,62.6,72,0,2.24,clear sky,0.0,0.0
201,Cap-Aux-Meules,CA,2020-01-06 03:06:48,47.38,-61.86,26.6,73,90,34.45,light snow,0.0,0.0
202,Makakilo City,US,2020-01-06 03:06:48,21.35,-158.09,82.0,69,20,16.11,few clouds,0.0,0.0
203,Manoel Urbano,BR,2020-01-06 03:06:48,-8.84,-69.26,73.94,92,100,2.04,overcast clouds,0.0,0.0
204,Krasnozerskoye,RU,2020-01-06 03:06:48,53.98,79.24,12.88,96,92,8.46,overcast clouds,0.0,0.0
205,Norman Wells,CA,2020-01-06 03:06:48,65.28,-126.83,-36.4,73,20,3.36,few clouds,0.0,0.0
206,Matay,EG,2020-01-06 03:06:48,28.42,30.79,43.05,76,0,7.96,clear sky,0.0,0.0
207,Torbay,CA,2020-01-06 03:06:48,47.66,-52.73,32.0,100,90,31.09,snow,0.0,0.0
208,Provideniya,RU,2020-01-06 03:06:48,64.42,-173.23,-11.09,72,83,8.1,broken clouds,0.0,0.0
209,Saint George,GR,2020-01-06 03:06:49,39.45,22.34,42.8,83,90,11.41,light rain,0.0,0.0
210,Santa Vitoria Do Palmar,BR,2020-01-06 03:06:49,-33.52,-53.37,69.55,85,0,11.83,clear sky,0.0,0.0
211,Banepa,NP,2020-01-06 03:06:49,27.63,85.52,37.4,100,20,3.36,mist,0.0,0.0
212,Deputatskiy,RU,2020-01-06 03:06:49,69.3,139.9,-17.93,76,85,0.74,overcast clouds,0.0,0.0
213,Klaksvik,FO,2020-01-06 03:06:49,62.23,-6.59,48.2,100,100,19.46,light rain,0.0,0.0
214,Chumikan,RU,2020-01-06 03:06:49,54.72,135.31,4.08,80,0,3.31,clear sky,0.0,0.0
215,Linhares,BR,2020-01-06 03:06:49,-19.38,-40.06,72.95,96,99,8.14,light rain,1.88,0.0
216,Fukue,JP,2020-01-06 03:06:49,35.03,136.69,46.99,49,20,9.17,few clouds,0.0,0.0
217,Cidreira,BR,2020-01-06 03:06:49,-30.17,-50.22,74.7,84,0,23.15,clear sky,0.0,0.0
218,Kudahuvadhoo,MV,2020-01-06 03:06:49,2.67,72.89,82.49,78,100,11.43,light rain,0.38,0.0
219,Channel-Port Aux Basques,CA,2020-01-06 03:06:49,47.57,-59.14,29.73,77,100,24.52,light snow,0.0,1.13
220,Tobetsu,JP,2020-01-06 03:06:50,43.26,141.53,30.99,74,75,21.92,light shower snow,0.0,0.0
221,Pozo Colorado,PY,2020-01-06 03:06:50,-23.49,-58.8,79.14,34,0,5.44,clear sky,0.0,0.0
222,Airai,TL,2020-01-06 03:06:50,-8.93,125.41,81.5,53,100,4.97,overcast clouds,0.0,0.0
223,Lumberton,US,2020-01-06 03:03:53,30.27,-94.2,57.2,87,1,3.36,clear sky,0.0,0.0
224,Lavrentiya,RU,2020-01-06 03:06:50,65.58,-170.99,-11.22,81,0,4.18,clear sky,0.0,0.0
225,Khatanga,RU,2020-01-06 03:06:50,71.98,102.47,-2.85,98,99,5.68,light snow,0.0,0.19
226,Clyde River,CA,2020-01-06 03:03:29,70.47,-68.59,-38.2,52,1,19.46,haze,0.0,0.0
227,Oistins,BB,2020-01-06 03:06:50,13.07,-59.53,75.2,94,75,14.99,broken clouds,0.0,0.0
228,Kieta,PG,2020-01-06 03:06:50,-6.22,155.63,85.8,67,0,6.11,clear sky,0.0,0.0
229,Bathsheba,BB,2020-01-06 03:06:50,13.22,-59.52,75.2,94,75,14.99,broken clouds,0.0,0.0
230,Tura,RU,2020-01-06 03:06:50,64.27,100.22,11.7,89,100,6.44,overcast clouds,0.0,0.0
231,Taoudenni,ML,2020-01-06 03:06:50,22.68,-3.98,50.68,21,23,5.79,few clouds,0.0,0.0
232,San Patricio,PY,2020-01-06 03:06:51,-26.98,-56.83,78.6,53,0,8.46,clear sky,0.0,0.0
233,Esperance,AU,2020-01-06 03:06:51,-33.86,121.89,91.4,16,0,17.22,clear sky,0.0,0.0
234,Margate,AU,2020-01-06 03:06:51,-43.03,147.26,77.0,55,20,17.22,few clouds,0.0,0.0
235,Risti,EE,2020-01-06 03:06:51,59.0,24.06,37.0,96,90,13.87,light intensity drizzle,0.0,0.0
236,Pokhara,NP,2020-01-06 03:06:51,28.21,83.99,52.16,51,0,0.94,clear sky,0.0,0.0
237,Bombay,US,2020-01-06 03:06:51,44.94,-74.57,17.01,78,1,3.29,clear sky,0.0,0.0
238,Palmer,AU,2020-01-06 03:06:51,-34.85,139.16,78.01,37,0,7.09,clear sky,0.0,0.0
239,Ixtapa,MX,2020-01-06 03:06:51,20.71,-105.21,70.0,72,5,4.43,clear sky,0.0,0.0
240,Zamardi,HU,2020-01-06 03:06:51,46.88,17.95,26.6,92,0,2.24,clear sky,0.0,0.0
241,Kyzyl-Suu,KG,2020-01-06 03:06:51,42.34,78.0,18.9,48,26,7.38,scattered clouds,0.0,0.0
242,Ginda,IN,2020-01-06 03:06:51,30.69,78.49,42.19,41,100,2.91,overcast clouds,0.0,0.0
243,Tuatapere,NZ,2020-01-06 03:06:51,-46.13,167.69,50.0,83,100,21.0,light rain,1.81,0.0
244,Lufilufi,WS,2020-01-06 03:06:51,-13.87,-171.6,89.6,70,75,11.41,broken clouds,0.0,0.0
245,Souillac,FR,2020-01-06 03:06:52,45.6,-0.6,35.6,100,0,4.7,clear sky,0.0,0.0
246,Pijijiapan,MX,2020-01-06 03:06:52,15.69,-93.21,72.97,54,19,5.77,few clouds,0.0,0.0
247,Pak Phanang,TH,2020-01-06 03:05:11,8.35,100.2,82.4,78,20,3.36,few clouds,0.0,0.0
248,Gladstone,AU,2020-01-06 03:06:36,-23.84,151.26,86.0,58,90,12.75,overcast clouds,0.0,0.0
249,Mumford,GH,2020-01-06 03:06:52,5.26,-0.76,70.99,60,100,3.36,overcast clouds,0.0,0.0
250,Manokwari,ID,2020-01-06 03:06:52,-0.87,134.08,79.05,83,90,1.59,light rain,1.25,0.0
251,Isangel,VU,2020-01-06 03:03:50,-19.55,169.27,78.17,75,76,9.08,light rain,0.19,0.0
252,Puerto Del Rosario,ES,2020-01-06 03:06:52,28.5,-13.86,66.2,52,1,10.29,clear sky,0.0,0.0
253,Fort Pierce,US,2020-01-06 03:06:52,27.45,-80.33,55.4,66,1,6.93,clear sky,0.0,0.0
254,Hamilton,CA,2020-01-06 03:03:11,43.26,-79.87,33.01,92,90,12.75,light snow,0.0,0.0
255,Bukachacha,RU,2020-01-06 03:06:52,52.99,116.91,6.33,84,0,1.92,clear sky,0.0,0.0
256,Ust-Uda,RU,2020-01-06 03:06:52,54.17,103.03,6.64,92,100,4.76,overcast clouds,0.0,0.0
257,Miyako,JP,2020-01-06 03:06:53,33.63,130.94,54.0,53,75,6.93,broken clouds,0.0,0.0
258,La Tuque,CA,2020-01-06 03:06:53,47.44,-72.79,3.2,93,0,3.18,clear sky,0.0,0.0
259,Muzhi,RU,2020-01-06 03:06:48,65.4,64.7,13.41,72,100,11.88,overcast clouds,0.0,0.0
260,Nemuro,JP,2020-01-06 03:02:29,43.32,145.57,28.4,54,20,23.04,light shower snow,0.0,0.0
261,Villamontes,BO,2020-01-06 03:06:53,-21.26,-63.47,77.22,57,62,4.23,broken clouds,0.0,0.0
262,Luang Prabang,LA,2020-01-06 03:05:11,19.89,102.14,66.2,82,20,2.24,few clouds,0.0,0.0
263,Olinda,AU,2020-01-06 03:06:53,-37.84,145.39,60.01,87,90,5.82,overcast clouds,0.0,0.0
264,Biltine,TD,2020-01-06 03:06:53,14.53,20.93,59.61,24,0,7.52,clear sky,0.0,0.0
265,Bubaque,GW,2020-01-06 03:06:54,11.28,-15.83,77.02,43,0,17.49,clear sky,0.0,0.0
266,Henties Bay,NA,2020-01-06 03:06:54,-22.12,14.28,63.0,90,75,3.0,broken clouds,0.0,0.0
267,Leningradskiy,RU,2020-01-06 03:03:01,69.38,178.42,-9.13,65,0,3.71,clear sky,0.0,0.0
268,Tacuarembo,UY,2020-01-06 03:06:54,-31.73,-55.98,70.39,62,1,9.31,clear sky,0.0,0.0
269,Khudaganj,IN,2020-01-06 03:06:54,28.19,79.75,53.89,60,45,6.69,scattered clouds,0.0,0.0
270,Luanda,AO,2020-01-06 03:06:54,-8.83,13.24,78.8,88,40,3.36,scattered clouds,0.0,0.0
271,Neiafu,TO,2020-01-06 03:06:54,-18.65,-173.98,84.2,70,40,12.75,scattered clouds,0.0,0.0
272,Vao,EE,2020-01-06 03:06:54,59.1,26.19,30.83,95,100,14.32,snow,0.0,2.69
273,Petropavlovsk-Kamchatskiy,RU,2020-01-06 03:06:54,53.05,158.65,32.0,79,75,13.42,broken clouds,0.0,0.0
274,Manadhoo,MV,2020-01-06 03:06:54,5.77,73.38,82.45,78,63,16.62,broken clouds,0.0,0.0
275,Rocha,UY,2020-01-06 03:03:53,-34.48,-54.34,64.53,82,0,10.71,clear sky,0.0,0.0
276,Stephenville,CA,2020-01-06 03:06:55,48.55,-58.59,28.4,74,90,18.34,light snow,0.0,0.0
277,Kawalu,ID,2020-01-06 03:06:55,-7.38,108.21,83.82,62,85,3.6,overcast clouds,0.0,0.0
278,Amapa,HN,2020-01-06 03:06:55,15.09,-87.97,68.0,88,75,1.86,broken clouds,0.0,0.0
279,Bundaberg,AU,2020-01-06 03:06:55,-24.87,152.35,84.99,58,40,11.41,scattered clouds,0.0,0.0
280,Cockburn Town,TC,2020-01-06 03:03:22,21.46,-71.14,77.47,68,2,8.16,clear sky,0.0,0.0
281,Haapiti,PF,2020-01-06 03:06:55,-17.57,-149.87,84.2,79,40,6.93,scattered clouds,0.0,0.0
282,Nanchong,CN,2020-01-06 03:03:08,30.8,106.08,50.85,65,100,5.7,overcast clouds,0.0,0.0
283,Tuy Hoa,VN,2020-01-06 03:06:55,13.08,109.3,74.68,84,95,15.05,light rain,0.44,0.0
284,Zabol,IR,2020-01-06 03:06:55,31.03,61.49,51.8,87,75,9.17,broken clouds,0.0,0.0
285,Olavarria,AR,2020-01-06 03:03:59,-36.89,-60.32,62.01,96,100,5.01,light rain,0.0,0.0
286,Tucuman,PE,2020-01-06 03:06:55,-17.17,-70.89,56.64,73,2,3.71,clear sky,0.0,0.0
287,Kongolo,CD,2020-01-06 03:06:55,-5.39,27.0,67.32,97,100,2.3,overcast clouds,0.0,0.0
288,Getahovit,AM,2020-01-06 03:06:56,40.9,45.14,27.1,60,0,4.18,clear sky,0.0,0.0
289,Padang,ID,2020-01-06 03:06:52,-0.92,100.36,82.27,55,0,2.73,clear sky,0.0,0.0
290,Vanimo,PG,2020-01-06 03:04:46,-2.67,141.3,82.02,74,100,8.37,light rain,0.56,0.0
291,Mount Isa,AU,2020-01-06 03:06:56,-20.73,139.49,100.4,25,76,4.7,broken clouds,0.0,0.0
292,Turinsk,RU,2020-01-06 03:06:56,58.04,63.7,19.9,94,1,7.9,clear sky,0.0,0.0
293,Hervey Bay,AU,2020-01-06 03:06:56,-25.3,152.85,84.99,58,40,11.41,scattered clouds,0.0,0.0
294,Sao Joao Da Barra,BR,2020-01-06 03:06:15,-21.64,-41.05,75.29,94,100,4.38,overcast clouds,0.0,0.0
295,Mackenzie,CA,2020-01-06 03:06:56,55.34,-123.09,24.8,73,75,9.17,broken clouds,0.0,0.0
296,Ugoofaaru,MV,2020-01-06 03:06:56,5.67,73.0,82.35,78,48,15.01,scattered clouds,0.0,0.0
297,Oudtshoorn,ZA,2020-01-06 03:06:56,-33.59,22.2,62.6,93,100,4.7,overcast clouds,0.0,0.0
298,Marsala,IT,2020-01-06 03:06:56,37.8,12.44,54.0,37,0,21.92,clear sky,0.0,0.0
299,Ambon,FR,2020-01-06 03:01:57,47.55,-2.56,35.6,93,0,5.82,clear sky,0.0,0.0
300,Cabo San Lucas,MX,2020-01-06 03:06:29,22.89,-109.91,70.0,77,40,8.05,scattered clouds,0.0,0.0
301,Mogadishu,SO,2020-01-06 03:03:47,2.04,45.34,80.58,86,8,17.67,clear sky,0.0,0.0
302,Elko,US,2020-01-06 03:02:57,40.83,-115.76,33.8,64,90,6.93,overcast clouds,0.0,0.0
303,Barcelos,BR,2020-01-06 03:04:41,-0.97,-62.93,75.79,90,79,0.49,light rain,0.31,0.0
304,Yerofey Pavlovich,RU,2020-01-06 03:06:57,53.97,121.97,-2.63,95,95,1.41,overcast clouds,0.0,0.0
305,Berdigestyakh,RU,2020-01-06 03:06:57,62.1,126.7,5.79,97,100,3.04,light snow,0.0,0.25
306,Lorengau,PG,2020-01-06 03:06:57,-2.02,147.27,85.35,69,68,8.57,broken clouds,0.0,0.0
307,Fairbanks,US,2020-01-06 03:02:04,64.84,-147.72,-16.01,67,90,2.15,mist,0.0,0.0
308,Iqaluit,CA,2020-01-06 03:06:57,63.75,-68.52,-16.6,62,90,13.87,light snow,0.0,0.0
309,Sinnamary,GF,2020-01-06 03:06:36,5.38,-52.96,79.3,78,24,10.45,few clouds,0.0,0.0
310,Half Moon Bay,US,2020-01-06 03:06:58,37.46,-122.43,54.0,87,20,10.29,few clouds,0.0,0.0
311,Evensk,RU,2020-01-06 03:06:58,61.92,159.24,-2.27,46,6,4.45,clear sky,0.0,0.0
312,Conway,US,2020-01-06 03:06:58,35.09,-92.44,48.0,93,20,3.06,few clouds,0.0,0.0
313,Narsaq,GL,2020-01-06 03:06:58,60.91,-46.05,17.6,78,100,3.22,light snow,0.0,0.0
314,Pakxan,LA,2020-01-06 03:06:58,18.39,103.66,80.08,51,0,2.17,clear sky,0.0,0.0
315,Manado,ID,2020-01-06 03:03:27,1.49,124.85,89.6,62,40,6.93,scattered clouds,0.0,0.0
316,Shimoda,JP,2020-01-06 03:04:40,34.7,138.93,51.8,65,20,8.05,few clouds,0.0,0.0
317,Pula,EC,2020-01-06 03:06:58,-1.95,-79.93,84.2,66,75,5.82,broken clouds,0.0,0.0
318,Kloulklubed,PW,2020-01-06 03:06:58,7.04,134.26,84.2,79,75,17.22,broken clouds,0.0,0.0
319,Axim,GH,2020-01-06 03:06:58,4.87,-2.24,72.45,60,42,1.92,scattered clouds,0.0,0.0
320,Avarua,CK,2020-01-06 03:06:58,-21.21,-159.78,82.4,88,100,6.93,overcast clouds,0.0,0.0
321,Sibu,MY,2020-01-06 03:06:58,2.29,111.83,84.2,79,75,6.93,broken clouds,0.0,0.0
322,Maoming,CN,2020-01-06 03:06:58,21.67,110.92,73.45,71,98,15.05,light rain,0.38,0.0
323,Altay,CN,2020-01-06 03:06:59,47.83,88.13,16.03,49,92,4.81,overcast clouds,0.0,0.0
324,Lyngseidet,NO,2020-01-06 03:06:59,69.58,20.21,30.2,92,75,18.34,light snow,0.0,0.0
325,Yuzhou,CN,2020-01-06 03:06:59,34.16,113.47,35.6,84,90,6.71,light rain,0.0,0.0
326,Bumba,CD,2020-01-06 03:06:59,2.18,22.47,71.96,66,100,2.19,overcast clouds,0.0,0.0
327,Masvingo,ZW,2020-01-06 03:06:59,-20.08,30.83,66.81,70,11,3.38,few clouds,0.0,0.0
328,Podporozhye,RU,2020-01-06 03:06:59,60.91,34.16,18.86,92,93,5.5,overcast clouds,0.0,0.0
329,Setermoen,NO,2020-01-06 03:06:59,68.86,18.35,23.0,85,100,16.11,snow,0.0,2.0
330,Zirandaro,MX,2020-01-06 03:06:59,18.45,-100.98,75.29,43,0,1.34,clear sky,0.0,0.0
331,Touros,BR,2020-01-06 03:06:59,-5.2,-35.46,78.8,83,40,5.82,scattered clouds,0.0,0.0
332,Ntcheu,MW,2020-01-06 03:06:59,-14.82,34.64,60.58,97,53,0.6,light rain,1.13,0.0
333,Sibolga,ID,2020-01-06 03:07:00,1.74,98.78,85.64,55,1,1.92,clear sky,0.0,0.0
334,Eskil,TR,2020-01-06 03:07:00,38.4,33.41,36.07,55,100,6.93,overcast clouds,0.0,0.0
335,Grand Gaube,MU,2020-01-06 03:07:00,-20.01,57.66,75.2,94,40,10.29,shower rain,0.0,0.0
336,Longyearbyen,NO,2020-01-06 03:07:00,78.22,15.63,-0.4,70,20,12.75,few clouds,0.0,0.0
337,Chaiya,IN,2020-01-06 03:07:00,29.28,74.48,56.98,52,100,12.06,overcast clouds,0.0,0.0
338,Susangerd,IR,2020-01-06 03:07:00,31.56,48.19,42.8,87,0,2.24,clear sky,0.0,0.0
339,Khani,GE,2020-01-06 03:02:47,41.96,42.96,32.0,50,0,4.7,clear sky,0.0,0.0
340,Doha,QA,2020-01-06 03:03:56,25.29,51.53,62.6,82,32,10.29,scattered clouds,0.0,0.0
341,Gat,SN,2020-01-06 03:07:00,14.69,-16.54,64.4,34,0,12.75,dust,0.0,0.0
342,Porterville,US,2020-01-06 03:04:39,36.07,-119.02,48.0,93,75,4.7,mist,0.0,0.0
343,Diffa,NE,2020-01-06 03:07:01,13.32,12.61,61.23,39,42,10.98,scattered clouds,0.0,0.0
344,Broome,GB,2020-01-06 03:07:01,52.47,1.45,46.0,87,3,10.29,clear sky,0.0,0.0
345,Chunoyar,RU,2020-01-06 03:07:01,57.45,97.32,22.33,96,97,5.64,light snow,0.0,0.31
346,Kuusamo,FI,2020-01-06 03:07:01,65.96,29.19,19.4,92,90,11.41,light snow,0.0,0.0
347,Tongchuan,CN,2020-01-06 03:07:01,34.9,108.95,37.4,93,90,4.47,mist,0.0,0.0
348,Lamar,US,2020-01-06 03:05:22,38.09,-102.62,33.8,50,1,11.41,clear sky,0.0,0.0
349,Saint-Pierre,FR,2020-01-06 03:07:01,48.95,4.24,28.4,92,20,4.7,few clouds,0.0,0.0
350,Samfya,ZM,2020-01-06 03:07:01,-11.37,29.56,65.68,93,100,2.13,overcast clouds,0.0,0.0
351,Den Helder,NL,2020-01-06 03:07:01,52.96,4.76,46.4,87,90,11.41,overcast clouds,0.0,0.0
352,Chicama,PE,2020-01-06 03:07:02,-7.84,-79.15,69.8,88,60,8.05,mist,0.0,0.0
353,Balkhash,KZ,2020-01-06 03:07:02,46.84,74.98,12.6,80,0,12.06,clear sky,0.0,0.0
354,Te Anau,NZ,2020-01-06 03:03:49,-45.41,167.72,43.54,77,60,11.92,light rain,1.88,0.0
355,Basco,US,2020-01-06 03:07:02,40.33,-91.2,39.99,64,1,8.05,clear sky,0.0,0.0
356,Pevek,RU,2020-01-06 03:07:02,69.7,170.27,-7.29,80,0,3.85,clear sky,0.0,0.0
357,Severnyy-Kospashskiy,RU,2020-01-06 03:07:02,59.09,57.8,26.01,99,94,1.99,light snow,0.0,0.25
358,Inhambane,MZ,2020-01-06 03:07:02,-23.87,35.38,78.42,81,36,10.83,scattered clouds,0.0,0.0
359,Chaman,AF,2020-01-06 03:07:02,30.92,66.46,44.94,92,100,14.34,moderate rain,7.88,0.0
360,Niksar,TR,2020-01-06 03:07:02,40.59,36.95,30.69,77,100,7.18,overcast clouds,0.0,0.0
361,Bend,US,2020-01-06 03:06:13,44.06,-121.32,37.0,59,1,12.75,clear sky,0.0,0.0
362,Banjar,ID,2020-01-06 03:07:02,-7.37,108.54,87.51,66,81,0.56,light rain,1.56,0.0
363,Tokur,RU,2020-01-06 03:07:02,53.13,132.9,0.93,83,0,1.57,clear sky,0.0,0.0
364,Pochutla,MX,2020-01-06 03:07:03,15.74,-96.47,80.6,69,5,11.81,clear sky,0.0,0.0
365,Danville,US,2020-01-06 03:07:03,37.82,-122.0,53.6,71,1,3.36,clear sky,0.0,0.0
366,Aksu,KZ,2020-01-06 03:07:03,52.04,76.93,17.6,100,90,4.47,fog,0.0,0.0
367,Polunochnoye,RU,2020-01-06 03:07:03,60.87,60.43,15.1,88,2,5.01,clear sky,0.0,0.0
368,Atasu,KZ,2020-01-06 03:06:44,48.68,71.64,15.01,73,0,10.54,clear sky,0.0,0.0
369,Liverpool,GB,2020-01-06 03:04:30,53.41,-2.98,48.0,81,90,11.41,overcast clouds,0.0,0.0
370,Ust-Kalmanka,RU,2020-01-06 03:07:03,52.12,83.31,10.33,77,0,0.56,clear sky,0.0,0.0
371,Malangwa,CD,2020-01-06 03:07:03,-2.84,17.57,71.83,87,62,1.14,broken clouds,0.0,0.0
372,Udaipur,IN,2020-01-06 03:07:03,24.58,73.69,46.4,100,0,3.98,mist,0.0,0.0
373,Yomou,GN,2020-01-06 03:07:03,7.57,-9.26,61.56,53,1,1.48,clear sky,0.0,0.0
374,Nabire,ID,2020-01-06 03:07:04,-3.36,135.5,88.97,58,86,4.41,overcast clouds,0.0,0.0
375,Bucerias,MX,2020-01-06 03:07:04,20.76,-105.33,70.0,72,5,1.99,clear sky,0.0,0.0
376,Yinchuan,CN,2020-01-06 03:07:04,38.48,106.21,23.81,86,100,1.92,overcast clouds,0.0,0.0
377,Geraldton,CA,2020-01-06 03:07:04,49.72,-86.95,17.6,85,90,2.24,light snow,0.0,0.0
378,Wausau,US,2020-01-06 03:05:12,44.96,-89.63,28.99,73,75,18.34,broken clouds,0.0,0.0
379,Yumen,CN,2020-01-06 03:07:04,40.29,97.04,21.27,54,100,13.67,overcast clouds,0.0,0.0
380,Strezhevoy,RU,2020-01-06 03:07:04,60.73,77.6,24.8,92,90,15.66,overcast clouds,0.0,0.0
381,Lazarev,RU,2020-01-06 03:07:04,52.23,141.51,20.17,84,98,16.62,overcast clouds,0.0,0.0
382,Beisfjord,NO,2020-01-06 03:07:04,68.38,17.6,32.0,98,100,11.41,snow,0.0,3.69
383,Uddevalla,SE,2020-01-06 03:07:05,58.35,11.94,45.0,93,100,12.75,overcast clouds,0.0,0.0
384,Tomaszow Lubelski,PL,2020-01-06 03:07:05,50.45,23.42,25.0,93,7,4.61,clear sky,0.0,0.0
385,Wakema,MM,2020-01-06 03:07:05,16.6,95.18,81.73,66,0,9.75,clear sky,0.0,0.0
386,Salinopolis,BR,2020-01-06 03:03:53,-0.61,-47.36,82.08,76,65,10.85,light rain,1.38,0.0
387,Cabimas,VE,2020-01-06 03:07:05,10.39,-71.44,79.27,78,0,11.74,clear sky,0.0,0.0
388,Nizhniy Odes,RU,2020-01-06 03:07:05,63.64,54.86,9.0,94,70,7.0,broken clouds,0.0,0.0
389,Barranca,PE,2020-01-06 03:07:05,-10.75,-77.76,70.32,89,75,12.93,broken clouds,0.0,0.0
390,Omsukchan,RU,2020-01-06 03:07:05,62.53,155.8,-5.58,58,91,0.85,overcast clouds,0.0,0.0
391,Chulman,RU,2020-01-06 03:07:05,56.84,124.9,7.97,88,100,1.52,overcast clouds,0.0,0.0
392,Whitehorse,CA,2020-01-06 03:03:00,60.72,-135.06,-0.4,77,90,12.75,overcast clouds,0.0,0.0
393,Datong,CN,2020-01-06 03:07:05,40.09,113.3,24.69,86,83,2.15,broken clouds,0.0,0.0
394,Quatre Cocos,MU,2020-01-06 03:07:05,-20.21,57.76,75.2,94,40,10.29,shower rain,0.0,0.0
395,Venice,US,2020-01-06 03:07:05,27.1,-82.45,57.0,62,1,4.7,clear sky,0.0,0.0
396,Jonesboro,US,2020-01-06 03:07:06,35.84,-90.7,50.0,81,20,4.7,few clouds,0.0,0.0
397,Hay River,CA,2020-01-06 03:07:06,60.82,-115.79,-13.0,75,75,12.75,broken clouds,0.0,0.0
398,Lake Charles,US,2020-01-06 03:07:06,30.23,-93.22,55.4,93,5,3.36,clear sky,0.0,0.0
399,Iskateley,RU,2020-01-06 03:07:06,67.68,53.15,16.61,85,95,13.87,overcast clouds,0.0,0.0
400,Izhevskoye,RU,2020-01-06 03:07:06,54.56,40.87,25.57,93,27,3.44,scattered clouds,0.0,0.0
401,Sungaipenuh,ID,2020-01-06 03:07:06,-2.08,101.38,75.38,62,4,3.33,clear sky,0.0,0.0
402,Mikkeli,FI,2020-01-06 03:07:06,61.69,27.27,28.4,92,90,6.93,light snow,0.0,0.0
403,Dwarka,IN,2020-01-06 03:07:06,28.58,77.04,62.01,93,75,2.98,fog,0.0,0.0
404,Laguna,BZ,2020-01-06 03:03:06,16.17,-88.94,73.4,73,75,6.93,broken clouds,0.0,0.0
405,Nuuk,GL,2020-01-06 03:07:06,64.17,-51.74,5.0,84,100,25.28,light snow,0.0,1.5
406,Taltal,CL,2020-01-06 03:03:21,-25.41,-70.49,61.41,80,0,1.39,clear sky,0.0,0.0
407,Rafai,CF,2020-01-06 03:07:06,4.95,23.92,63.28,33,100,2.19,overcast clouds,0.0,0.0
408,Nikolskoye,RU,2020-01-06 03:07:07,59.7,30.79,26.01,85,100,4.47,overcast clouds,0.0,0.0
409,Muravlenko,RU,2020-01-06 03:07:07,63.79,74.5,20.71,94,100,12.15,overcast clouds,0.0,0.0
410,Mombasa,KE,2020-01-06 03:07:07,-4.05,39.67,77.0,94,20,3.29,few clouds,0.0,0.0
411,Northam,AU,2020-01-06 03:03:15,-31.65,116.67,93.0,16,0,6.93,clear sky,0.0,0.0
412,Mapastepec,MX,2020-01-06 03:07:07,15.44,-92.9,72.97,54,19,5.77,few clouds,0.0,0.0
413,Ostrovnoy,RU,2020-01-06 03:07:07,68.05,39.51,12.79,84,94,15.73,overcast clouds,0.0,0.0
414,Bourg-En-Bresse,FR,2020-01-06 03:07:07,46.21,5.22,32.0,92,1,3.53,clear sky,0.0,0.0
415,Borzya,RU,2020-01-06 03:07:07,50.39,116.53,12.9,93,100,7.47,light snow,0.0,0.31
416,Kars,TR,2020-01-06 03:07:07,40.61,43.1,23.0,92,75,1.81,broken clouds,0.0,0.0
417,Salisbury,GB,2020-01-06 03:07:07,51.07,-1.8,46.4,75,90,13.87,overcast clouds,0.0,0.0
418,Caravelas,BR,2020-01-06 03:03:58,-17.73,-39.27,71.42,94,100,5.68,light rain,0.5,0.0
419,Ha Tinh,VN,2020-01-06 03:04:16,18.33,105.9,71.65,82,0,2.86,clear sky,0.0,0.0
420,Finschhafen,PG,2020-01-06 03:07:07,-6.6,147.85,84.49,73,9,10.42,clear sky,0.0,0.0
421,Ushtobe,KZ,2020-01-06 03:07:08,45.25,77.98,20.46,58,0,1.48,clear sky,0.0,0.0
422,Allapalli,IN,2020-01-06 03:07:08,19.43,80.06,64.47,67,0,0.85,clear sky,0.0,0.0
423,Benalla,AU,2020-01-06 03:07:08,-36.55,145.99,64.4,82,90,4.7,overcast clouds,0.0,0.0
424,Road Town,VG,2020-01-06 03:07:08,18.42,-64.62,78.8,78,75,5.82,broken clouds,0.0,0.0
425,Vila Velha,BR,2020-01-06 03:04:07,-3.71,-38.6,86.0,74,75,8.05,broken clouds,0.0,0.0
426,Ancud,CL,2020-01-06 03:04:01,-41.87,-73.83,51.8,81,90,4.7,light intensity shower rain,0.0,0.0
427,Makat,KZ,2020-01-06 03:07:08,47.65,53.35,23.18,87,100,2.37,overcast clouds,0.0,0.0
428,Duyun,CN,2020-01-06 03:07:08,26.27,107.52,58.35,90,100,15.28,light rain,0.56,0.0
429,Chau Doc,VN,2020-01-06 03:07:08,10.71,105.12,81.07,54,41,6.4,scattered clouds,0.0,0.0
430,Khalkhal,IR,2020-01-06 03:07:08,37.62,48.53,22.75,81,0,1.9,clear sky,0.0,0.0
431,Ankazoabo,MG,2020-01-06 03:07:09,-22.29,44.51,71.85,77,3,2.24,clear sky,0.0,0.0
432,Sioux Lookout,CA,2020-01-06 03:07:09,50.1,-91.92,19.4,67,90,18.34,light snow,0.0,0.0
433,Port Blair,IN,2020-01-06 03:07:09,11.67,92.75,81.09,80,0,15.7,clear sky,0.0,0.0
434,Port Hardy,CA,2020-01-06 03:07:09,50.7,-127.42,35.6,93,75,5.82,broken clouds,0.0,0.0
435,Coihaique,CL,2020-01-06 03:04:33,-45.58,-72.07,51.8,66,75,4.7,light rain,0.0,0.0
436,Ahipara,NZ,2020-01-06 03:07:09,-35.17,173.16,73.99,73,3,1.01,clear sky,0.0,0.0
437,Kulhudhuffushi,MV,2020-01-06 03:07:09,6.62,73.07,82.24,79,68,12.71,broken clouds,0.0,0.0
438,Nebolchi,RU,2020-01-06 03:07:09,59.12,33.35,23.2,90,100,6.8,overcast clouds,0.0,0.0
439,Poum,MK,2020-01-06 03:07:09,41.28,20.71,23.05,63,0,7.4,clear sky,0.0,0.0
440,Oktyabrskiy,RU,2020-01-06 03:07:10,55.61,37.97,32.0,96,75,6.71,broken clouds,0.0,0.0
441,Saint Anthony,US,2020-01-06 03:03:15,43.97,-111.68,26.6,85,90,9.17,overcast clouds,0.0,0.0
442,San Policarpo,PH,2020-01-06 03:07:10,12.18,125.51,82.27,76,21,15.08,light rain,0.69,0.0
443,Clinton,US,2020-01-06 03:07:10,41.28,-72.53,36.0,55,1,4.7,clear sky,0.0,0.0
444,Izumo,JP,2020-01-06 03:07:10,35.37,132.75,46.4,65,75,5.82,broken clouds,0.0,0.0
445,Zhuanghe,CN,2020-01-06 03:07:10,39.7,122.97,34.0,74,100,1.99,light snow,0.0,0.19
446,Verkh-Usugli,RU,2020-01-06 03:07:10,52.7,115.17,8.38,76,41,0.83,scattered clouds,0.0,0.0
447,San Luis,AR,2020-01-06 03:07:10,-33.3,-66.34,66.06,53,62,25.28,light rain,0.19,0.0
448,Riyadh,SA,2020-01-06 03:03:27,24.63,46.72,44.6,87,0,3.36,clear sky,0.0,0.0
449,Wewak,PG,2020-01-06 03:07:10,-3.55,143.63,80.94,81,99,10.4,light rain,1.13,0.0
450,Puerto El Triunfo,SV,2020-01-06 03:07:10,13.27,-88.55,80.6,47,0,13.87,smoke,0.0,0.0
451,Aguimes,ES,2020-01-06 03:07:10,27.91,-15.45,64.4,68,75,11.41,broken clouds,0.0,0.0
452,Ucluelet,CA,2020-01-06 03:05:48,48.94,-125.55,41.0,89,98,2.53,moderate rain,0.0,0.0
453,Port Hedland,AU,2020-01-06 03:03:45,-20.31,118.58,96.8,32,40,21.92,scattered clouds,0.0,0.0
454,Atherton,AU,2020-01-06 03:07:11,-17.27,145.48,91.0,66,40,8.05,scattered clouds,0.0,0.0
455,Roma,IT,2020-01-06 03:05:21,41.89,12.48,45.0,59,0,3.36,clear sky,0.0,0.0
456,Kutum,SD,2020-01-06 03:07:11,14.2,24.66,50.23,29,0,3.83,clear sky,0.0,0.0
457,Bella Union,CO,2020-01-06 03:07:11,8.5,-73.35,65.64,85,100,5.88,overcast clouds,0.0,0.0
458,Comodoro Rivadavia,AR,2020-01-06 03:04:16,-45.87,-67.48,60.8,67,40,13.87,light rain,0.0,0.0
459,Mabiton,PH,2020-01-06 03:07:11,12.83,123.26,78.76,83,99,12.84,light rain,0.38,0.0
460,Peshawar,PK,2020-01-06 03:07:11,34.01,71.58,44.6,70,75,9.17,haze,0.0,0.0
461,Kirakira,SB,2020-01-06 03:07:11,-10.46,161.92,83.91,74,97,12.17,light rain,1.25,0.0
462,Sabang,PH,2020-01-06 03:07:11,13.8,121.11,82.0,76,5,10.0,clear sky,0.0,0.0
463,Dalby,AU,2020-01-06 03:07:11,-27.18,151.26,93.99,42,75,14.99,broken clouds,0.0,0.0
464,Staryy Nadym,RU,2020-01-06 03:07:12,65.61,72.68,8.78,85,0,11.12,clear sky,0.0,0.0
465,Port Keats,AU,2020-01-06 03:07:12,-14.25,129.55,90.77,58,100,12.68,light rain,1.06,0.0
466,Zhanaozen,KZ,2020-01-06 03:07:12,43.35,52.85,28.67,64,100,6.02,overcast clouds,0.0,0.0
467,Faya,SA,2020-01-06 03:02:52,18.39,42.45,57.2,87,20,6.93,few clouds,0.0,0.0
468,Arman,RU,2020-01-06 03:07:12,59.7,150.17,16.54,66,18,8.75,few clouds,0.0,0.0
469,Lazaro Cardenas,MX,2020-01-06 03:07:12,28.39,-105.62,50.0,45,5,4.7,clear sky,0.0,0.0
470,Tautira,PF,2020-01-06 03:07:12,-17.73,-149.15,84.2,79,40,6.93,scattered clouds,0.0,0.0
471,Carbonia,IT,2020-01-06 03:07:12,39.17,8.53,41.0,100,0,8.05,clear sky,0.0,0.0
472,Edgewater,US,2020-01-06 03:07:12,28.99,-80.9,51.01,93,1,2.59,clear sky,0.0,0.0
473,Buala,SB,2020-01-06 03:07:12,-8.15,159.59,85.53,70,47,8.97,scattered clouds,0.0,0.0
474,Codrington,AU,2020-01-06 03:07:12,-28.95,153.24,89.6,45,40,10.29,scattered clouds,0.0,0.0
475,Ayan,IR,2020-01-06 03:07:13,38.23,44.7,13.41,75,100,5.23,overcast clouds,0.0,0.0
476,Morehead,US,2020-01-06 03:02:33,38.18,-83.43,42.8,56,1,14.99,clear sky,0.0,0.0
477,Keti Bandar,PK,2020-01-06 03:07:13,24.14,67.45,64.94,57,33,7.7,scattered clouds,0.0,0.0
478,Kaputa,ZM,2020-01-06 03:07:13,-8.47,29.66,62.53,84,99,2.26,overcast clouds,0.0,0.0
479,Russell,US,2020-01-06 03:04:04,38.9,-98.86,37.4,44,1,4.7,clear sky,0.0,0.0
480,Moorhead,US,2020-01-06 03:03:32,46.87,-96.75,26.6,62,1,10.29,clear sky,0.0,0.0
481,Pilar,AR,2020-01-06 03:07:13,-34.46,-58.91,77.0,60,90,28.86,overcast clouds,0.0,0.0
482,Ballina,IE,2020-01-06 03:04:07,54.11,-9.15,50.0,87,100,18.01,overcast clouds,0.0,0.0
483,Duncan,US,2020-01-06 03:07:13,34.5,-97.96,48.99,60,1,5.82,clear sky,0.0,0.0
484,Watsa,CD,2020-01-06 03:07:13,3.04,29.53,62.98,97,5,1.92,clear sky,0.0,0.0
485,Nouadhibou,MR,2020-01-06 03:07:13,20.93,-17.03,59.0,62,25,13.87,scattered clouds,0.0,0.0
486,Port Lincoln,AU,2020-01-06 03:07:13,-34.72,135.86,68.05,54,2,10.22,clear sky,0.0,0.0
487,La Rioja,AR,2020-01-06 03:07:13,-29.41,-66.86,74.14,47,6,24.02,clear sky,0.0,0.0
488,Karakulino,RU,2020-01-06 03:07:14,56.01,53.71,15.87,94,67,5.5,broken clouds,0.0,0.0
489,Kanniyakumari,IN,2020-01-06 03:07:14,8.08,77.57,80.29,80,36,26.51,scattered clouds,0.0,0.0
490,Celestun,MX,2020-01-06 03:07:14,20.87,-90.4,73.02,68,23,16.06,few clouds,0.0,0.0
491,Novo Aripuana,BR,2020-01-06 03:07:14,-5.12,-60.38,75.76,86,100,2.37,overcast clouds,0.0,0.0
492,Edgecumbe,NZ,2020-01-06 03:07:14,-37.98,176.83,75.0,38,4,14.0,clear sky,0.0,0.0
493,Kisanga,CD,2020-01-06 03:07:14,-11.72,27.4,63.73,95,100,2.71,overcast clouds,0.0,0.0
494,Male,UA,2020-01-06 03:07:14,50.74,33.7,27.37,95,37,6.6,scattered clouds,0.0,0.0
495,Cabedelo,BR,2020-01-06 03:02:46,-6.97,-34.84,78.8,83,75,4.7,broken clouds,0.0,0.0
496,Rameshki,RU,2020-01-06 03:07:14,57.35,36.05,25.41,91,0,3.56,clear sky,0.0,0.0
497,Auki,NG,2020-01-06 03:07:14,12.18,6.51,62.94,28,58,13.85,broken clouds,0.0,0.0
498,Havre-Saint-Pierre,CA,2020-01-06 03:07:06,50.23,-63.6,8.6,78,1,6.93,clear sky,0.0,0.0
499,Yellandu,IN,2020-01-06 03:07:15,17.59,80.32,71.11,69,0,5.08,clear sky,0.0,0.0
500,Garh Maharaja,PK,2020-01-06 03:07:15,30.83,71.9,50.07,83,100,8.68,light rain,0.63,0.0
501,Sciacca,IT,2020-01-06 03:07:15,37.51,13.08,51.8,37,0,21.92,clear sky,0.0,0.0
502,Dahra,DZ,2020-01-06 03:07:15,36.25,0.85,44.6,87,0,3.36,clear sky,0.0,0.0
503,Namatanai,PG,2020-01-06 03:07:15,-3.66,152.44,85.84,71,87,8.95,overcast clouds,0.0,0.0
504,Nushki,PK,2020-01-06 03:07:15,29.55,66.02,48.65,93,100,4.5,moderate rain,6.69,0.0
505,Ulladulla,AU,2020-01-06 03:07:12,-35.36,150.48,71.6,73,100,12.75,light rain,0.75,0.0
506,Ust-Tsilma,RU,2020-01-06 03:07:15,65.44,52.15,11.84,92,100,8.79,overcast clouds,0.0,0.0
507,Bambanglipuro,ID,2020-01-06 03:07:15,-7.95,110.28,85.01,65,31,10.02,scattered clouds,0.0,0.0
508,Beaver Dam,US,2020-01-06 03:06:01,43.46,-88.84,35.6,69,90,5.82,overcast clouds,0.0,0.0
509,Maragogi,BR,2020-01-06 03:07:15,-9.01,-35.22,80.02,78,100,8.61,overcast clouds,0.0,0.0
510,Telimele,GN,2020-01-06 03:07:16,10.9,-13.03,61.2,51,42,1.7,scattered clouds,0.0,0.0
511,Katherine,AU,2020-01-06 03:07:16,-14.47,132.26,93.2,46,100,10.29,light rain,1.31,0.0
512,Sobolevo,RU,2020-01-06 03:07:16,54.43,31.9,24.75,91,20,5.32,few clouds,0.0,0.0
513,Skala,GR,2020-01-06 03:07:16,36.85,22.66,46.4,52,100,6.93,snow,0.0,2.13
514,Nortelandia,BR,2020-01-06 03:07:16,-14.45,-56.8,73.02,95,100,6.89,light rain,2.06,0.0
515,Barkhan,PK,2020-01-06 03:07:16,29.9,69.52,42.28,94,100,4.56,light rain,2.06,0.0
516,Mount Gambier,AU,2020-01-06 03:02:41,-37.83,140.78,71.6,46,0,14.99,clear sky,0.0,0.0
517,Ichinohe,JP,2020-01-06 03:07:16,40.14,141.28,37.4,51,75,23.04,light shower snow,0.0,0.0
518,Sola,TZ,2020-01-06 03:07:16,-3.17,33.8,63.32,91,38,3.53,light rain,1.19,0.0
519,Coripata,BO,2020-01-06 03:07:16,-16.31,-67.6,44.6,87,75,4.7,light rain,0.0,0.0
520,Zhigansk,RU,2020-01-06 03:07:16,66.77,123.37,-11.67,94,99,16.67,overcast clouds,0.0,0.0
521,Los Llanos De Aridane,ES,2020-01-06 03:04:26,28.66,-17.92,62.6,67,0,9.17,clear sky,0.0,0.0
522,Tabory,PL,2020-01-06 03:07:17,53.89,19.53,32.0,90,93,5.99,light snow,0.0,0.31
523,Calama,CL,2020-01-06 03:07:17,-22.46,-68.93,55.4,76,40,13.87,scattered clouds,0.0,0.0
524,Sidney,US,2020-01-06 03:07:17,47.72,-104.16,30.2,68,1,11.41,clear sky,0.0,0.0
525,Kamuli,UG,2020-01-06 03:07:17,0.94,33.12,64.44,93,21,0.87,few clouds,0.0,0.0
526,Flinders,AU,2020-01-06 03:07:01,-34.58,150.85,73.99,73,100,12.75,light rain,0.19,0.0
527,Fare,PF,2020-01-06 03:07:17,-16.7,-151.02,82.47,73,49,10.85,scattered clouds,0.0,0.0
528,Manaure,CO,2020-01-06 03:07:17,11.78,-72.45,79.59,83,92,18.68,light rain,0.63,0.0
529,Pekalongan,ID,2020-01-06 03:07:17,-6.89,109.67,83.7,74,76,7.02,light rain,1.06,0.0
530,Lakatoro,VU,2020-01-06 03:07:17,-16.11,167.42,81.7,81,44,17.16,scattered clouds,0.0,0.0
531,Nasirabad,IN,2020-01-06 03:07:17,26.3,74.74,57.16,50,42,9.98,scattered clouds,0.0,0.0
532,Byron Bay,AU,2020-01-06 03:03:57,-28.65,153.62,89.6,61,32,13.87,scattered clouds,0.0,0.0
533,Rio Gallegos,AR,2020-01-06 03:03:42,-51.62,-69.22,46.4,70,20,9.17,few clouds,0.0,0.0
534,Powell,US,2020-01-06 03:04:33,40.16,-83.08,42.01,69,90,12.75,overcast clouds,0.0,0.0
535,Sonthofen,DE,2020-01-06 03:07:18,47.51,10.28,32.0,100,38,1.12,scattered clouds,0.0,0.0
536,Traralgon,AU,2020-01-06 03:07:18,-38.19,146.54,59.0,93,100,1.99,light rain,1.56,0.0
537,Awjilah,LY,2020-01-06 03:02:40,29.14,21.3,49.82,63,0,16.4,clear sky,0.0,0.0
538,Changli,CN,2020-01-06 03:07:18,30.54,105.42,52.18,66,100,4.52,overcast clouds,0.0,0.0
539,Puerto Baquerizo Moreno,EC,2020-01-06 03:07:18,-0.9,-89.6,76.12,86,51,11.32,broken clouds,0.0,0.0
540,Kamen-Rybolov,RU,2020-01-06 03:07:18,44.75,132.04,14.74,81,57,3.2,broken clouds,0.0,0.0
541,Piranhas,BR,2020-01-06 03:07:18,-16.43,-51.82,68.74,99,37,4.34,scattered clouds,0.0,0.0
542,Otuzco,PE,2020-01-06 03:07:18,-7.9,-78.57,69.8,88,100,8.05,mist,0.0,0.0
543,Bilibino,RU,2020-01-06 03:04:08,68.06,166.44,-12.82,68,0,1.97,clear sky,0.0,0.0
544,San Vicente,EC,2020-01-06 03:07:19,-0.59,-80.41,77.0,88,75,2.24,broken clouds,0.0,0.0
545,Alegrete,BR,2020-01-06 03:07:19,-29.79,-55.79,76.62,55,20,11.74,few clouds,0.0,0.0
546,Batagay,RU,2020-01-06 03:07:19,67.65,134.64,-20.81,87,50,1.43,scattered clouds,0.0,0.0
547,Coahuayana,MX,2020-01-06 03:07:19,18.62,-100.35,72.73,48,0,3.58,clear sky,0.0,0.0
548,Dongsheng,CN,2020-01-06 03:07:19,29.72,112.52,45.14,90,100,8.21,light rain,0.19,0.0
549,Dapitan,PH,2020-01-06 03:07:19,10.27,123.95,84.2,70,20,8.05,few clouds,0.0,0.0
